Event_ID,Official_Event_Name,Alternative_Event_Names,Edition,Year,Start_Date,End_Date,City,Province,Venue,Online_Hybrid_Physical,Host,Organisers,Sponsors,Industry_or_Theme,Estimated_Participant_Count,Verified_Participant_Count,Number_of_Finalists,Number_of_Winners,Official_Website,Results_URL,Participant_List_URL,Archive_URL,Other_Sources,Completeness_Status,Research_Notes,Date_Verified
E001,Random Hacks of Kindness (RHoK) — Cape Town,Unknown,RHoK 3.0,2012,Unknown,Unknown,Unknown,Unknown,Unknown,Physical,RHoK global community,Unknown,Unknown,Civic tech / humanitarian,Unknown,Unknown,Unknown,Unknown,Unknown,https://en.wikipedia.org/wiki/Random_Hacks_of_Kindness,Unknown,Unknown,https://en.wikipedia.org/wiki/Random_Hacks_of_Kindness,E,Existence per Wikipedia RHoK 3.0 city list (2012 events incl. Cape Town). No local results/participants located this pass.,2026-08-26
E002,NASA International Space Apps Challenge — South Africa,Unknown,2013,2013,2013-04-20,2013-04-21,Pretoria (main); virtual sites Stellenbosch & Cape Town,Gauteng; Western Cape,"mLab Southern Africa, Pretoria + virtual",Hybrid,NASA (global); mLab Southern Africa (local),Unknown,Unknown,Space / open data,Unknown,Unknown,4 local award projects,4,Unknown,https://2013.spaceappschallenge.org/location/johannesburg,Unknown,Unknown,https://2013.spaceappschallenge.org/location/johannesburg,C,Earliest verified Space Apps SA edition. Winning project team members not published on archived page.,2026-08-26
E003,Random Hacks of Kindness (RHoK) — Johannesburg,Unknown,2013,2013,2013-11-30,2013-12-01,Johannesburg,Gauteng,"ThoughtWorks, 17 Melle Street, Braamfontein",Physical,RHoK community (incl. Andreas Pauley et al.),Unknown,Unknown,Social / humanitarian,Unknown,Unknown,Unknown,Unknown,Unknown,https://groups.google.com/g/lambda-luminaries/c/t6sthhWGUzg,Unknown,Unknown,https://groups.google.com/g/lambda-luminaries/c/t6sthhWGUzg,D,Earliest SA hackathon event verified with date+venue this pass. Participant names not located.,2026-08-26
E004,Hacking Health Cape Town,Unknown,2014,2014,2014-01-24,2014-01-25,Cape Town,Western Cape,Groote Schuur Hospital,Physical,UCT Inclusive Healthcare Innovation Initiative (Bertha Centre + Faculty of Health Sciences) with Hacking Health & Medic Mobile,Unknown,Unknown,Health,100+,Unknown,10 teams,1,Unknown,https://marsdd.com/news-and-insights/hacking-healthcare-south-africa,Unknown,Unknown,https://marsdd.com/news-and-insights/hacking-healthcare-south-africa,B,First health hackathon of its kind on the African continent (per source).,2026-08-26
E005,#GovHackSA,Unknown,2014,2014,2014-05 (day event),Unknown,Cape Town,Western Cape,22seven offices,Physical,Unknown,Unknown,Unknown,Govtech / open data,40+,Unknown,Unknown,1,Unknown,https://mlab.co.za/news/govhacksa/,Unknown,Unknown,https://mlab.co.za/news/govhacksa/,C,Follow-on from SA open data policy work; partnership mentions with Silicon Cape.,2026-08-26
E006,Discovery GradHack,Unknown,2014 (first ever),2014,2014-08 (approx),Unknown,Unknown,Unknown,Unknown,Physical,Discovery,Unknown,Discovery Health,Health / Vitality,Unknown,Unknown,Unknown,1,Unknown,https://news.uj.ac.za/news/uj-students-won-discovery-it-graduate-hackathon-2/ ; https://thetechieguy.com/south-african-engineers-expose-discovery-vitality-cheaters/,Unknown,Unknown,https://news.uj.ac.za/news/uj-students-won-discovery-it-graduate-hackathon-2/ ; https://thetechieguy.com/south-african-engineers-expose-discovery-vitality-cheaters/,B,National IT graduate hackathon; 2014 winner named; venue not stated in sources used.,2026-08-26
E007,Discovery GradHack,Unknown,2015,2015,Unknown,Unknown,Unknown,Unknown,Unknown,Physical,Discovery,Unknown,Unknown,Health / Vitality,Unknown,Unknown,Unknown,Unknown,Unknown,https://thetechieguy.com/south-african-engineers-expose-discovery-vitality-cheaters/,Unknown,Unknown,https://thetechieguy.com/south-african-engineers-expose-discovery-vitality-cheaters/,C,Winner: UJ ACSSE students (per The Techieguy); member names not published.,2026-08-26
E008,Random Hacks of Kindness (RHoK) — Pretoria,Unknown,2014,2014,Unknown,Unknown,Pretoria,Gauteng,Unknown,Physical,RHoK community / mLab,Unknown,"Nokia, IT Varsity (prizes)",Humanitarian,Unknown,Unknown,3,3 named solutions,Unknown,https://mlab.co.za/news/rhok-pretoria-2014-hacking-for-humanity/,Unknown,Unknown,https://mlab.co.za/news/rhok-pretoria-2014-hacking-for-humanity/,B,24-hour event; full special-award winner list captured.,2026-08-26
E009,Hack.Jozi Challenge,Unknown,2015 (inaugural),2015,2015 (five-month programme),2015-07-08,Johannesburg,Gauteng,Awards: Wits Origins Centre; accelerator+hackathon sessions,Hybrid,City of Johannesburg,"Joburg Centre for Software Engineering (JCSE), Wits University; Seed Academy",City of Johannesburg (R5m); IBM Bluemix,Smart city / civic innovation,140 participants/applications,Unknown,10,3,Unknown,https://innovation-village.com/mowallet-lazy-lizzard-and-movethisstuff-win-hack-jozi-challenge/ ; https://www.joburg.org.za/media_/Newsroom/Pages/2016%20&%202015%20Articles/hack-jozi-challenge-is-the-real-deal-ID9917.aspx ; https://tshimologong.wordpress.com/2015/07/10/hackjozi-challenge-winner-announced/ ; https://www.engineeringnews.co.za/print-version/digital-marketing-solution-wins-r1-million-in-hackjozi-challenge-2015-07-24 ; http://www.esdsa.com/hack-jozi.html,Unknown,Unknown,https://innovation-village.com/mowallet-lazy-lizzard-and-movethisstuff-win-hack-jozi-challenge/ ; https://www.joburg.org.za/media_/Newsroom/Pages/2016%20&%202015%20Articles/hack-jozi-challenge-is-the-real-deal-ID9917.aspx ; https://tshimologong.wordpress.com/2015/07/10/hackjozi-challenge-winner-announced/ ; https://www.engineeringnews.co.za/print-version/digital-marketing-solution-wins-r1-million-in-hackjozi-challenge-2015-07-24 ; http://www.esdsa.com/hack-jozi.html,B,Bootcamp + accelerator + technical hackathons culminating in demo day. Runner-up order conflicting between sources (see contradiction log).,2026-08-26
E010,Hack.Jozi Challenge,Unknown,2016,2016,2016 (programme),2016-05,Johannesburg,Gauteng,Unknown,Physical,City of Johannesburg,JCSE Wits,Unknown,Smart city / civic innovation,400+ applications,Unknown,10,3,Unknown,https://disrupt-africa.com/2016/05/23/e-health-startup-wins-64k-at-hack-jozi-challenge/ ; https://www.itweb.co.za/article/hackjozi-winners-impress/XGxwQDq1rNZvlPVo ; https://www.bizcommunity.com/Article/196/708/145132.html,Unknown,Unknown,https://disrupt-africa.com/2016/05/23/e-health-startup-wins-64k-at-hack-jozi-challenge/ ; https://www.itweb.co.za/article/hackjozi-winners-impress/XGxwQDq1rNZvlPVo ; https://www.bizcommunity.com/Article/196/708/145132.html,B,Mirrored by City of Cape Town per Disrupt Africa (separate edition not yet located). Winner re-verified in Phase 3 against Bizcommunity and TechFinancials (§27 second pass).,2026-08-26
E011,Wits Student App Challenge,Unknown,2015,2015,Unknown,Unknown,Johannesburg,Gauteng,Wits Digital Innovation Zone (DIZ),Physical,Wits University,Unknown,Unknown,Student apps,Unknown,Unknown,3+,3 + 3 category + 3 presentation prizes,Unknown,https://disruptafrica.com/2015/09/02/wits-uni-student-app-challenge-winners-named/,Unknown,Unknown,https://disruptafrica.com/2015/09/02/wits-uni-student-app-challenge-winners-named/,C,Team member names not published.,2026-08-26
E012,Hack4Water — hackathon weekend (Codebridge CT / Green Door DBN / Innovation Hub PTA),Unknown,2016,2016,2016-04-01,2016-04-02,Cape Town; Durban; Pretoria,Western Cape; KwaZulu-Natal; Gauteng,{code}bridge CT; The Green Door DBN; Innovation Hub PTA,Physical,Code for South Africa / {code}bridge,Department of Water and Sanitation; Open Government Partnership SA,Unknown,Water / climate / open data,Unknown,"68 named participants (4 CT teams, 3 DBN teams, 8 others, 21 PTA)",Unknown,Unknown,Unknown,http://web.archive.org/web/20190907072855id_/http://www.codebridge.co.za:80/allevents/hack4water-hackathons.html ; https://www.codebridge.co.za/allevents/hack4water-hack4water-hackathons.html ; https://code4sa.org/2016/04/04/hack4water-hackathon.html,http://web.archive.org/web/20190907072855id_/http://www.codebridge.co.za:80/allevents/hack4water-hackathons.html ; https://www.codebridge.co.za/allevents/hack4water-hack4water-hackathons.html ; https://code4sa.org/2016/04/04/hack4water-hackathon.html,http://web.archive.org/web/20190907072855id_/http://www.codebridge.co.za:80/allevents/hack4water-hackathons.html,http://web.archive.org/web/20190907072855id_/http://www.codebridge.co.za:80/allevents/hack4water-hackathons.html ; https://www.codebridge.co.za/allevents/hack4water-hack4water-hackathons.html ; https://code4sa.org/2016/04/04/hack4water-hackathon.html,A,"FULLY RESOLVED via Wayback identity render (Phase 4): hackathons 1-2 April 2016 at {code}bridge CT / The Green Door DBN / Innovation Hub PTA; four Cape Town teams fully rostered (Water Impacters, The Source, Water Apocalypse, Wataware); three Durban teams (Water Wardens, Fix It, Power Shower); 8 other participants; 21 Pretoria names. Challenge deadline 20 Apr 2016; local hackathons produced challenge submissions (no local winners declared on organiser page).",2026-08-26
E013,Hack4Water — national challenge,Unknown,2015/2016,2016,Unknown,Unknown,Unknown,Unknown,Unknown,Physical,Department of Water and Sanitation,Open Government Partnership SA,Unknown,Water / climate,Unknown,Unknown,Unknown,Unknown,Unknown,https://code4sa.org/2016/04/04/hack4water-hackathon.html ; https://www.gov.za/speeches/dwss-hack4water-exhibition-brings-out-best-sas-hackers-22-apr-2016-0000,Unknown,Unknown,https://code4sa.org/2016/04/04/hack4water-hackathon.html ; https://www.gov.za/speeches/dwss-hack4water-exhibition-brings-out-best-sas-hackers-22-apr-2016-0000,E,Nationwide challenge incl. video/idea competition + ICT app challenge at DWS exhibition; winners announced 22 Apr 2016 per gov.za — names still not located. hack4water.org.za existed (per code4sa blog).,2026-08-26
E014,NWU Hackday,Unknown,2016,2016,Unknown,Unknown,Potchefstroom,North West,NWU (campus not explicitly stated),Physical,NWU IT Services,Unknown,Unknown,Internal innovation,Unknown,Unknown,Unknown,2 teams,Unknown,https://services.nwu.ac.za/sites/services.nwu.ac.za/files/files/information-technology/news/IT-News2016.pdf,Unknown,Unknown,https://services.nwu.ac.za/sites/services.nwu.ac.za/files/files/information-technology/news/IT-News2016.pdf,D,Winners: 'greenhouse project' and 'virtual museum' teams; member names not captured.,2026-08-26
E015,GirlCodeHack (#GirlCodeHack),Unknown,2017 (4th annual),2017,2017-08-06,Unknown,Johannesburg,Gauteng,Unknown,Physical,GirlCode (GirlCodeZA),Unknown,Unknown,Women in tech,70+,Unknown,3,3,Unknown,https://www.iafrikan.com/2017/08/12/girlcode-the-largest-all-female-hackathon-in-south-africa/ ; https://www.brandsouthafrica.com/investments-immigration/uct-students-win-women-only-hackathon,Unknown,Unknown,https://www.iafrikan.com/2017/08/12/girlcode-the-largest-all-female-hackathon-in-south-africa/ ; https://www.brandsouthafrica.com/investments-immigration/uct-students-win-women-only-hackathon,B,Prize: trip to US women-in-tech conference.,2026-08-26
E016,GirlCodeHack,Unknown,2022 (8th annual),2022,2022-03 (two days),Unknown,Johannesburg,Gauteng,Unknown,Physical,GirlCode,Unknown,"Takealot, AWS, Mint Group, Lenovo",Break the bias (IWD 2022),Unknown,Unknown,3,3,Unknown,https://www.itweb.co.za/article/winners-of-girlcodes-women-only-hackathon-named/Gb3BwMW8GOrq2k6V,Unknown,Unknown,https://www.itweb.co.za/article/winners-of-girlcodes-women-only-hackathon-named/Gb3BwMW8GOrq2k6V,C,Winning team member names not published in located sources.,2026-08-26
E017,GirlCodeHack (Absa GirlCode Hackathon),Unknown,2025 (11th annual),2025,2025-10-12,2025-10 (30-hour),Johannesburg; Cape Town; Durban (+ 5 other African cities),Gauteng; Western Cape; KwaZulu-Natal,Unknown,Hybrid,GirlCode,Unknown,Absa,"Fintech, cybersecurity and AI",Unknown,Unknown,8 city winners,1 continental + 8 city winners,Unknown,https://www.itweb.co.za/article/sa-teams-recognised-at-girlcodehack-2025/RgeVDvPR9WXMKJN3 ; https://pctechmag.com/2025/10/makerere-university-triumph-at-the-2025-absa-girlcode-hackathon/,Unknown,Unknown,https://www.itweb.co.za/article/sa-teams-recognised-at-girlcodehack-2025/RgeVDvPR9WXMKJN3 ; https://pctechmag.com/2025/10/makerere-university-triumph-at-the-2025-absa-girlcode-hackathon/,B,Continental field; SA city winners named as teams (members not published).,2026-08-26
E018,Entelect Challenge,Unknown,2017,2017,2017 (six-month series),2017-10-07,Johannesburg,Gauteng,rAge Expo (finals),Physical,Entelect,Unknown,Unknown,AI bot coding competition,Unknown,Unknown,8,6 named,Unknown,https://entelect.co.za/ryan-louw-wins-2017-entelect-challenge/,Unknown,Unknown,https://entelect.co.za/ryan-louw-wins-2017-entelect-challenge/,B,"Long-form national coding competition (not a single-weekend hackathon) — included under 'coding challenge' scope. Full 2017 top-8 rankings captured (7th Andre Nel, 8th Mark-Anthony Fouche). Anesu Jairosi confirmed competing 'since Pacman' (earlier editions). Participation more than doubled vs prior year; year included internal mini-hackathons.",2026-08-26
E019,Entelect Challenge,Unknown,2019,2019,Unknown,2019-09 (finals),Johannesburg,Gauteng,Comic Con Africa (finals),Physical,Entelect,Unknown,Unknown,AI bot coding competition,Unknown,Unknown,8,Unknown,Unknown,https://japeyjapes.wordpress.com/2019/09/24/entelect-challenge-2019/ ; https://www.keengamer.com/articles/features/reportages/comic-con-africa-2019/,Unknown,Unknown,https://japeyjapes.wordpress.com/2019/09/24/entelect-challenge-2019/ ; https://www.keengamer.com/articles/features/reportages/comic-con-africa-2019/,D,3rd place documented via participant blog (pseudonymous); 2019 game was 'Worms (or a strange mutation thereof)' per Comic Con Africa 2019 coverage; full rankings not located this pass.,2026-08-26
E020,Entelect Challenge,Unknown,2022,2022,Unknown,2022-09 (finals),Johannesburg,Gauteng,Comic Con Africa (finals),Physical,Entelect,Unknown,Unknown,AI bot coding competition,Unknown,Unknown,8,Unknown,Unknown,https://za.linkedin.com/posts/entelect_entelectchallenge-coding-competition-activity-6980752619631726592-YSb8,Unknown,Unknown,https://za.linkedin.com/posts/entelect_entelectchallenge-coding-competition-activity-6980752619631726592-YSb8,C,,2026-08-26
E021,Entelect Challenge,Unknown,2023,2023,Unknown,2023-09-23,Johannesburg,Gauteng,Comic Con Africa (finals),Physical,Entelect,Unknown,Unknown,AI bot coding competition (Cy-Fi),Unknown,Unknown,8,Unknown,Unknown,https://culture.entelect.co.za/stories/entelect-challenge-2023-finals-at-comic-con-africa/ ; https://mybroadband.co.za/news/industrynews/511140-the-winners-of-the-2023-entelect-challenge-walk-away-with-r200-000-at-comic-con-africa.html,Unknown,Unknown,https://culture.entelect.co.za/stories/entelect-challenge-2023-finals-at-comic-con-africa/ ; https://mybroadband.co.za/news/industrynews/511140-the-winners-of-the-2023-entelect-challenge-walk-away-with-r200-000-at-comic-con-africa.html,B,'Now in its 11th year' per organiser (vs '13th year' claimed for 2024 by MyBroadband — see contradiction log). Phase 3: full 2023 order incl. Willie Theron 4th (R25k) captured.,2026-08-26
E022,Entelect Challenge,Unknown,2024,2024,Unknown,2024-10 (finals),Johannesburg,Gauteng,Comic Con Africa (finals),Physical,Entelect,Unknown,Unknown,AI bot coding competition (Sproutopia),Unknown,Unknown,8,8 named,Unknown,https://mybroadband.co.za/news/industrynews/564860-2024-entelect-challenge-finals-south-africas-top-coders-battle-it-out-at-comic-con-africa.html,Unknown,Unknown,https://mybroadband.co.za/news/industrynews/564860-2024-entelect-challenge-finals-south-africas-top-coders-battle-it-out-at-comic-con-africa.html,B,Full top-8 with names and prizes captured.,2026-08-26
E023,Discovery GradHack,Unknown,2016,2016,Unknown,Unknown,Unknown,Unknown,Unknown,Physical,Discovery,Unknown,Unknown,Health,Unknown,Unknown,Unknown,Unknown,Unknown,https://news.uj.ac.za/news/discovery-hackathon-hat-trick-for-uj-acsse-students-2/,Unknown,Unknown,https://news.uj.ac.za/news/discovery-hackathon-hat-trick-for-uj-acsse-students-2/,B,,2026-08-26
E024,Discovery GradHack,Unknown,2017,2017,Unknown,Unknown,Johannesburg,Gauteng,Unknown,Physical,Discovery,Unknown,Unknown,Health,Unknown,Unknown,Unknown,Unknown,Unknown,https://www.news.uct.ac.za/article/-2018-07-13-uct-team-wins-national-hackathon,Unknown,Unknown,https://www.news.uct.ac.za/article/-2018-07-13-uct-team-wins-national-hackathon,C,Winner: UCT Information Systems team (per UCT 2018 article); member names not published.,2026-08-26
E025,Discovery GradHack,Unknown,2018,2018,2018-07 (48 hours),Unknown,Johannesburg,Gauteng,Unknown,Physical,Discovery,Unknown,Unknown,Health,Unknown,Unknown,11 pitches,1,Unknown,https://www.news.uct.ac.za/article/-2018-07-13-uct-team-wins-national-hackathon,Unknown,Unknown,https://www.news.uct.ac.za/article/-2018-07-13-uct-team-wins-national-hackathon,B,,2026-08-26
E026,Discovery GradHack,Unknown,2021,2021,Unknown,Unknown,Unknown,Unknown,Unknown,Online,Discovery,Unknown,Unknown,Health,Unknown,Unknown,Unknown,Unknown,Unknown,https://www.nwu.ac.za/sites/www.nwu.ac.za/files/files/i-media/I-eish-202110/students.html,Unknown,Unknown,https://www.nwu.ac.za/sites/www.nwu.ac.za/files/files/i-media/I-eish-202110/students.html,B,72-hour virtual competition (COVID era).,2026-08-26
E027,Discovery GradHack,Unknown,2024,2024,Unknown,Unknown,Sandton,Gauteng,Unknown,Online (72h) + finals in Sandton,Discovery,Unknown,Unknown,Health / Vitality,50 students,Unknown,16 teams,3 named teams,Unknown,https://sit.uct.ac.za/articles/2024-07-24-uct-wins-discovery-gradhack ; https://news.nwu.ac.za/students-it-prowess-lands-them-jobs-discovery,Unknown,Unknown,https://sit.uct.ac.za/articles/2024-07-24-uct-wins-discovery-gradhack ; https://news.nwu.ac.za/students-it-prowess-lands-them-jobs-discovery,A,,2026-08-26
E028,Discovery GradHack,Unknown,2025,2025,Unknown,Unknown,Sandton,Gauteng,Unknown,Finals at Discovery HQ,Discovery,Unknown,Unknown,Health / data,~200 teams entered; 14 finalists,Unknown,Unknown,Unknown,Unknown,https://www.su.ac.za/en/faculties/economy/news/bdatsci-final-years-win-2025-discovery-gradhack,Unknown,Unknown,https://www.su.ac.za/en/faculties/economy/news/bdatsci-final-years-win-2025-discovery-gradhack,B,"Winner VitaliTeam (SU): Mia Olivier, Kayleigh Koekemoer, Jaime Kruger, David Nicolay; project InsureShield (AI voice/text insurance-fraud detection); ~200 teams entered nationally, top 14 to virtual event; finals at Discovery HQ Sandton; R15k each + R50k to SU.",2026-08-26
E029,Discovery GradHack — unverified interim editions,Unknown,2019/2020/2022/2023 (probable),2019-2023,Unknown,Unknown,Unknown,Unknown,Unknown,Physical,Discovery,Unknown,Unknown,Unknown,Unknown,Unknown,Unknown,Unknown,Unknown,https://thetechieguy.com/south-african-engineers-expose-discovery-vitality-cheaters/ ; https://news.nwu.ac.za/students-it-prowess-lands-them-jobs-discovery,Unknown,Unknown,https://thetechieguy.com/south-african-engineers-expose-discovery-vitality-cheaters/ ; https://news.nwu.ac.za/students-it-prowess-lands-them-jobs-discovery,E,"Series continuity suggests editions in these years (annual event since 2014); no per-year results located this pass. Existence probable, not individually verified.",2026-08-26
E030,Stellenbosch University Hackathon (InnovUS / LaunchLab),Unknown,2021,2021,2021-10 (weekend),Unknown,Stellenbosch,Western Cape,Unknown,Physical,"Stellenbosch University (InnovUS, LaunchLab)",Unknown,"Entersekt, Capitec (mentorship)",FinTech + data,Unknown,Unknown,2 challenge winners,Unknown,Unknown,https://www.matiemedia.org/su-hackathon-goes-in-a-new-direction/,Unknown,Unknown,https://www.matiemedia.org/su-hackathon-goes-in-a-new-direction/,B,,2026-08-26
E031,SU LaunchLab Annual Hackathon,Unknown,2024,2024,2024-08 (40 hours),Unknown,Stellenbosch,Western Cape,Unknown,Physical,"Stellenbosch University (InnovUS, LaunchLab)",Unknown,Unknown,Cloud cost management (data),49 participants,Unknown,9 teams,1,Unknown,https://www.smfnews.org/su-students-tackle-data-challenge-in-40-hours/,Unknown,Unknown,https://www.smfnews.org/su-students-tackle-data-challenge-in-40-hours/,B,,2026-08-26
E032,MiWay 24-hours Actuarial Hackathon,Unknown,2019 (2nd annual),2019,Unknown,Unknown,Unknown,Unknown,Unknown,Physical,MiWay Insurance,Unknown,Unknown,Insurtech / data science,25 students from 5 universities,Unknown,Unknown,3 named,Unknown,https://www.miway.co.za/blog/in-the-news/two-north-west-university-students-win-miway-24-hour-hackathon ; https://news.nwu.ac.za/nwu-duo-wins-24-hour-hackathon-competition,Unknown,Unknown,https://www.miway.co.za/blog/in-the-news/two-north-west-university-students-win-miway-24-hour-hackathon ; https://news.nwu.ac.za/nwu-duo-wins-24-hour-hackathon-competition,B,Venue not stated in located sources; MiWay is Gauteng-based (not verified for this event — not inferred).,2026-08-26
E033,MiWay 24-hours Actuarial Hackathon,Unknown,2018 (1st annual — inferred),2018,Unknown,Unknown,Unknown,Unknown,Unknown,Physical,MiWay Insurance,Unknown,Unknown,Unknown,Unknown,Unknown,Unknown,Unknown,Unknown,https://www.miway.co.za/blog/in-the-news/two-north-west-university-students-win-miway-24-hour-hackathon,Unknown,Unknown,https://www.miway.co.za/blog/in-the-news/two-north-west-university-students-win-miway-24-hour-hackathon,E,Existence inferred from 'second annual' phrasing in 2019 coverage; no independent 2018 coverage located.,2026-08-26
E034,NWU Geekulcha Hackathon,Unknown,2023 (annual Geekulcha Hackathon),2023,Unknown,Unknown,Pretoria,Gauteng,UNISA Pretoria campus,Physical,Geekulcha,Unknown,Unknown,Student innovation,Unknown,Unknown,top 10 incl. 2 NWU teams,Unknown,Unknown,https://news.nwu.ac.za/students-excel-annual-geekulcha-hackathon,Unknown,Unknown,https://news.nwu.ac.za/students-excel-annual-geekulcha-hackathon,C,Overall winners not located this pass; NWU top-10 teams fully named.,2026-08-26
E035,Geekulcha Annual Hackathon,Unknown,2025,2025,Unknown,Unknown,Unknown,Unknown,Unknown,Physical,Geekulcha,Unknown,Unknown,Unknown,Unknown,Unknown,Unknown,Unknown,Unknown,https://www.bloemfonteincourant.co.za/cut-students-take-first-place-at-hackathon/,Unknown,Unknown,https://www.bloemfonteincourant.co.za/cut-students-take-first-place-at-hackathon/,D,3rd place: Delight Chetter & Kabelo Makhetha (CUT). 1st/2nd and full results not located.,2026-08-26
E036,Standard Bank UniHack,Unknown,2024,2024,2024-07 (two days),Unknown,Unknown,Unknown,Unknown,Physical,Standard Bank,Unknown,Unknown,AI / education / health solutions,Unknown,Unknown,3,Unknown,Unknown,https://www.itweb.co.za/article/standard-bank-unihack-inspires-young-developers/Kjlyr7wBmLXvk6am,Unknown,Unknown,https://www.itweb.co.za/article/standard-bank-unihack-inspires-young-developers/Kjlyr7wBmLXvk6am,B,Participants from four Western Cape universities; event city not explicitly stated in located coverage.,2026-08-26
E037,Standard Bank UniHack,Unknown,2025 (3rd annual),2025,2025-04 (two days),Unknown,Cape Town,Western Cape,Unknown,Physical,Standard Bank,Unknown,Unknown,Unknown,13 teams,Unknown,3,Unknown,Unknown,https://www.standardbank.co.za/southafrica/news-and-media/newsroom/standard-bank-concludes-third-annual-unihack-competition ; https://www.itweb.co.za/article/standard-bank-announces-unihack-competition-winners/KPNG878NPjDq4mwD,Unknown,Unknown,https://www.standardbank.co.za/southafrica/news-and-media/newsroom/standard-bank-concludes-third-annual-unihack-competition ; https://www.itweb.co.za/article/standard-bank-announces-unihack-competition-winners/KPNG878NPjDq4mwD,B,,2026-08-26
E038,Standard Bank UniHack,Unknown,2023 (1st annual — inferred),2023,Unknown,Unknown,Unknown,Unknown,Unknown,Physical,Standard Bank,Unknown,Unknown,Unknown,Unknown,Unknown,Unknown,Unknown,Unknown,https://www.standardbank.co.za/southafrica/news-and-media/newsroom/standard-bank-concludes-third-annual-unihack-competition,Unknown,Unknown,https://www.standardbank.co.za/southafrica/news-and-media/newsroom/standard-bank-concludes-third-annual-unihack-competition,E,Existence inferred from 'third annual' phrasing (2025); no 2023 coverage located.,2026-08-26
E039,Kuunda Disrupt Hackathon (Standard Bank employee hackathon),Unknown,2024 (10th annual),2024,Unknown,Unknown,Unknown,Unknown,Unknown,Unknown,Standard Bank Group,Unknown,Unknown,Banking innovation,230+ hackers in top 45,Unknown,Unknown,Unknown,Unknown,https://itweb.africa/content/6GxRKMYQlmBMb3Wj,Unknown,Unknown,https://itweb.africa/content/6GxRKMYQlmBMb3Wj,D,Internal employee hackathon across 20 African markets; overall winner Ghana-based team; SA individual winners not named publicly.,2026-08-26
E040,Kuunda Disrupt Hackathon,Unknown,2025 (11th annual),2025,Unknown,Unknown,Johannesburg,Gauteng,Unknown,Hybrid,Standard Bank Group,Unknown,Unknown,Generative AI in banking,244 participants,Unknown,Unknown,Unknown,Unknown,https://htxt.co.za/2025/09/the-winning-ai-solutions-at-this-years-standard-bank-hackathon/,Unknown,Unknown,https://htxt.co.za/2025/09/the-winning-ai-solutions-at-this-years-standard-bank-hackathon/,D,Two SA-based winners referenced without names.,2026-08-26
E041,Kuunda Disrupt school series (Standard Bank),Unknown,"2015-2024 (10 editions, consolidated)",2015-2024,Unknown,Unknown,Unknown,Unknown,Unknown,Physical,Standard Bank,Unknown,Unknown,Unknown,Unknown,Unknown,Unknown,Unknown,Unknown,https://itweb.africa/content/6GxRKMYQlmBMb3Wj ; https://www.iol.co.za/dailynews/news/effingham-heights-primary-school-wins-prestigious-standard-bank-kuunda-disrupt-competition-d361b66e-fdf8-41e6-a574-af1a9137a840,Unknown,Unknown,https://itweb.africa/content/6GxRKMYQlmBMb3Wj ; https://www.iol.co.za/dailynews/news/effingham-heights-primary-school-wins-prestigious-standard-bank-kuunda-disrupt-competition-d361b66e-fdf8-41e6-a574-af1a9137a840,E,'10th annual' in 2024 implies editions since ~2015; only the 2024 schools competition edition independently covered here (separate row). Consolidated probable-editions row.,2026-08-26
E042,Standard Bank Kuunda Disrupt Competition (schools STEAM),Unknown,2024,2024,Unknown,Unknown,Durban,KwaZulu-Natal,Gordon Road Girls' School,Physical,Standard Bank,Unknown,Unknown,STEAM / sustainability,19 schools,Unknown,Unknown,1 team (12 pupils),Unknown,https://www.iol.co.za/dailynews/news/effingham-heights-primary-school-wins-prestigious-standard-bank-kuunda-disrupt-competition-d361b66e-fdf8-41e6-a574-af1a9137a840,Unknown,Unknown,https://www.iol.co.za/dailynews/news/effingham-heights-primary-school-wins-prestigious-standard-bank-kuunda-disrupt-competition-d361b66e-fdf8-41e6-a574-af1a9137a840,C,Schools competition (project showcase format) — included under youth innovation challenge scope; pupil names not published.,2026-08-26
E043,MTN MoMo API Hackathon (South Africa),Unknown,2023,2023,2023-07-31,2023-10-09,Unknown,Unknown,Unknown,Online/National,MTN (MoMo),Unknown,Unknown,Fintech / API,Unknown,Unknown,12,3,Unknown,https://www.iol.co.za/technology/techsperts/discover-the-future-mtn-momo-api-hackathon-unveils-trailblazing-innovations-695051ba-a05d-44d5-b2e0-41627d1cacd6,Unknown,Unknown,https://www.iol.co.za/technology/techsperts/discover-the-future-mtn-momo-api-hackathon-unveils-trailblazing-innovations-695051ba-a05d-44d5-b2e0-41627d1cacd6,C,SA open to the hackathon for the first time in 2023; winning developers not named in located coverage.,2026-08-26
E044,#SS19Hack,Unknown,2019,2019,Unknown,Unknown,Johannesburg,Gauteng,Unknown,Physical,ITWeb Security Summit (series),Unknown,"Micro Focus, MTN, Snode, Tshimologong Digital Precinct (trophy)",IoT security / CTF,50 developers,Unknown,3 + CTF,Unknown,Unknown,https://www.itweb.co.za/content/Pero37ZgwLBMQb6m,Unknown,Unknown,https://www.itweb.co.za/content/Pero37ZgwLBMQb6m,C,"CONFIRMED: #SS19Hack is an edition of the ITWeb Security Summit Hackathon series (Geekulcha co-run; chairperson Tiyani Nghonyama) — series spans at least 2019, 2022, 2023, 2024, 2025 (incl. Northern Cape edition), 2026. IoT security theme; Kimberley-based 2nd-place team.",2026-08-26
E045,Absa Design Hackathon,Unknown,2021,2021,Unknown,Unknown,Unknown,Unknown,Unknown,Unknown,Absa,Unknown,Unknown,Design,Unknown,Unknown,Unknown,2 named teams,Unknown,https://www.absa.co.za/offers/2021-absa-design-hackathon/,Unknown,Unknown,https://www.absa.co.za/offers/2021-absa-design-hackathon/,B,,2026-08-26
E046,Absa Technology Hackathon,Unknown,2024 (2nd annual),2024,Unknown,Unknown,Unknown,Unknown,Unknown,Unknown,Absa,Unknown,Unknown,Banking technology,Unknown,Unknown,Unknown,Unknown,Unknown,https://www.absa.africa/media-statements/2024/absa-hosts-hackathon-to-ignite-innovation-and-engagement-in-the-absa-technology-community/,Unknown,Unknown,https://www.absa.africa/media-statements/2024/absa-hosts-hackathon-to-ignite-innovation-and-engagement-in-the-absa-technology-community/,D,Internal multi-country employee hackathon; SA-based winning teams named as teams only.,2026-08-26
E047,Absa Technology Hackathon,Unknown,2025 (3rd annual),2025,2025-10 (24 hours),Unknown,Unknown,Unknown,Unknown,Unknown,Absa,Unknown,Unknown,Unknown,Unknown,Unknown,Unknown,Unknown,Unknown,https://africabusiness.com/2025/10/30/absa-teams-build-real-world-banking-solutions-in-24-hours-at-2025-technology-hackathon/,Unknown,Unknown,https://africabusiness.com/2025/10/30/absa-teams-build-real-world-banking-solutions-in-24-hours-at-2025-technology-hackathon/,D,SA winners (Mighty Pythons; Hustle Hub) named as teams only.,2026-08-26
E048,Absa Technology Hackathon,Unknown,2023 (1st annual — inferred),2023,Unknown,Unknown,Unknown,Unknown,Unknown,Physical,Absa,Unknown,Unknown,Unknown,Unknown,Unknown,Unknown,Unknown,Unknown,https://www.absa.africa/media-statements/2024/absa-hosts-hackathon-to-ignite-innovation-and-engagement-in-the-absa-technology-community/,Unknown,Unknown,https://www.absa.africa/media-statements/2024/absa-hosts-hackathon-to-ignite-innovation-and-engagement-in-the-absa-technology-community/,E,Existence inferred from 'second annual' phrasing in 2024 statement.,2026-08-26
E049,Vodacom Group Annual Hack-alympics,Unknown,2024,2024,Unknown,Unknown,Unknown,Unknown,Unknown,Unknown,Vodacom Group,Unknown,Unknown,Internal innovation across African markets,Unknown,Unknown,Unknown,Unknown,Unknown,https://techreviewafrica.com/news/1281/vodacom-group-ceo-encourages-innovation-at-annual-hack-alympics,Unknown,Unknown,https://techreviewafrica.com/news/1281/vodacom-group-ceo-encourages-innovation-at-annual-hack-alympics,E,Internal hackathon incl. South African participants; winners per market not publicly named in located coverage.,2026-08-26
E050,Wits Minecraft Education Edition Challenge,Unknown,2018,2018,Unknown,Unknown,Johannesburg,Gauteng,Unknown,Physical,Wits University,Unknown,"Microsoft, Acer, Masterskill",Game-based build challenge,Unknown,Unknown,Unknown,Unknown,Unknown,https://www.wits.ac.za/future/stories/,Unknown,Unknown,https://www.wits.ac.za/future/stories/,C,Build/design challenge (game jam-adjacent scope); sponsors' staff attended prize-giving.,2026-08-26
E051,Wits supercomputing student competition awards,Unknown,2018,2018,Unknown,Unknown,Johannesburg,Gauteng,Unknown,Physical,Wits University,Unknown,Unknown,High-performance computing,Unknown,Unknown,Unknown,Unknown,Unknown,https://www.wits.ac.za/future/stories/,Unknown,Unknown,https://www.wits.ac.za/future/stories/,D,"Team awards ('most innovative', 'best teamwork') captured from Wits stories page; competition name/context not fully stated on page — verify before treating as cluster competition.",2026-08-26
E052,MICT SETA National Skills Challenge Hackathon — KZN Regionals,Unknown,2026,2026,2026-03-22,2026-03-23,Durban,KwaZulu-Natal,MKRI offices,Physical,MICT SETA,Unknown,Unknown,Digital skills,Unknown,Unknown,3,3 named teams,Unknown,https://themercury.co.za/ios/news/2026-04-09-dut-students-excel-at-mict-seta-hackathon-showcasing-innovation-prowess/,Unknown,Unknown,https://themercury.co.za/ios/news/2026-04-09-dut-students-excel-at-mict-seta-hackathon-showcasing-innovation-prowess/,A,,2026-08-26
E053,MICT SETA National Skills Challenge Hackathon — Eastern Cape leg,Unknown,2026,2026,2026-03 (two days),Unknown,Gqeberha,Eastern Cape,Unknown,Physical,MICT SETA,Unknown,Unknown,Digital skills,Unknown,Unknown,Unknown,1 named team,Unknown,https://news.mandela.ac.za/News/Mandela-University-students-win-Eastern-Cape-leg-o,Unknown,Unknown,https://news.mandela.ac.za/News/Mandela-University-students-win-Eastern-Cape-leg-o,B,Universities and TVET colleges across province participated.,2026-08-26
E054,MICT SETA National Skills Challenge Hackathon — National Finals,Unknown,2026,2026,2026-03-30,2026-03-31,Johannesburg,Gauteng,Unknown,Physical,MICT SETA,Unknown,Unknown,Unknown,Unknown,Unknown,Unknown,Unknown,Unknown,https://themercury.co.za/ios/news/2026-04-09-dut-students-excel-at-mict-seta-hackathon-showcasing-innovation-prowess/ ; https://news.mandela.ac.za/News/Mandela-University-students-win-Eastern-Cape-leg-o,Unknown,Unknown,https://themercury.co.za/ios/news/2026-04-09-dut-students-excel-at-mict-seta-hackathon-showcasing-innovation-prowess/ ; https://news.mandela.ac.za/News/Mandela-University-students-win-Eastern-Cape-leg-o,E,Finals confirmed by two sources; national winners not located this pass.,2026-08-26
E055,Beat the Banker Hackathon (UFS),Unknown,2026,2026,2026-05-23,2026-05-24,Bloemfontein,Free State,Unknown,Physical,UFS IT Student Association (ITSA),Unknown,Standard Bank; BBD Software,Fintech,Unknown,Unknown,Unknown,3 named teams + special prize,Unknown,https://www.ufs.ac.za/templates/news-archive-item/campus-news/2026/june/ufs-students-tackle-real-world-banking-challenges-at-beat-the-banker-hackathon,Unknown,Unknown,https://www.ufs.ac.za/templates/news-archive-item/campus-news/2026/june/ufs-students-tackle-real-world-banking-challenges-at-beat-the-banker-hackathon,A,"Beat the Banker Hackathon — 23-24 May 2026, 36 hours, hosted by UFS IT Student Association (ITSA) with Standard Bank and BBD Software; four banking challenge areas; solo participant Sizwe Nkuna received a special additional prize from the judging panel.",2026-08-26
E056,Telkom 10X Hackathon — Free State leg,Unknown,2025,2025,2025-09-07,Unknown,Botshabelo,Free State,Botshabelo Digital Hub,Physical,Telkom (10X),Unknown,Unknown,Unknown,Unknown,Unknown,Unknown,1 named team,Unknown,https://www.bloemfonteincourant.co.za/cut-students-take-first-place-at-hackathon/,Unknown,Unknown,https://www.bloemfonteincourant.co.za/cut-students-take-first-place-at-hackathon/,B,FS leg held 7 September 2025 at Botshabelo Digital Hub (CUT official); winners advanced to national finals in Johannesburg (results not located).,2026-08-26
E057,Telkom 10X Hackathon — National Finals,Unknown,2025/2026,2025,Unknown,Unknown,Johannesburg,Gauteng,Unknown,Physical,Telkom,Unknown,Unknown,Unknown,Unknown,Unknown,Unknown,Unknown,Unknown,https://www.bloemfonteincourant.co.za/cut-students-take-first-place-at-hackathon/,Unknown,Unknown,https://www.bloemfonteincourant.co.za/cut-students-take-first-place-at-hackathon/,E,Finals confirmed as upcoming/occurring in Johannesburg; results not located.,2026-08-26
E058,Limpopo Varsity Hackathon (LVH),Unknown,2025 (4th annual),2025,2025-10-10,2025-10-12,Mankweng/Polokwane,Limpopo,"University of Limpopo, VL Hall",Physical,"TUT Polokwane with University of Limpopo, UNIVEN",Unknown,mLab (participation per 2026 coverage),Hack4Mzansi (AI/IoT),Unknown,Unknown,3,Unknown,Unknown,https://www.tut.ac.za/newsroom/all-news/2025/innovation-takes-centre-stage-at-4th-annual-limpopo-varsity-hackathon.php,Unknown,Unknown,https://www.tut.ac.za/newsroom/all-news/2025/innovation-takes-centre-stage-at-4th-annual-limpopo-varsity-hackathon.php,C,,2026-08-26
E059,Limpopo Varsity Hackathon (LVH),Unknown,2026 (5th annual),2026,Unknown,Unknown,Unknown,Limpopo,Unknown,Physical,TUT/UL/UNIVEN consortium,Unknown,Unknown,Agriculture,Unknown,Unknown,Unknown,Unknown,Unknown,https://www.tut.ac.za/newsroom/all-news/2025/innovation-takes-centre-stage-at-4th-annual-limpopo-varsity-hackathon.php,Unknown,Unknown,https://www.tut.ac.za/newsroom/all-news/2025/innovation-takes-centre-stage-at-4th-annual-limpopo-varsity-hackathon.php,E,Coverage of event existence; winners not located in accessed coverage.,2026-08-26
E060,Tshwane Varsity Hackathon (TVH),Unknown,2025 (7th annual),2025,2025-09 (three days),Unknown,Pretoria (+ TUT Polokwane participation),Gauteng; Limpopo,Unknown,Physical,TUT with City of Tshwane,Unknown,"MTN SA, IQ Business, AWS, Nelekat, RMCERI",Unknown,16 teams from TUT/UP/UNISA/SMU,Unknown,5 (top five),3,Unknown,https://www.tut.ac.za/newsroom/all-news/2025/ict-students-drive-tshwanes-digital-revolution.php,Unknown,Unknown,https://www.tut.ac.za/newsroom/all-news/2025/ict-students-drive-tshwanes-digital-revolution.php,C,"TVH 2025 (7th annual). Series evidence: 4th annual held 2022 with 110 hackers (TUT Faculty of ICT + AWS + City of Tshwane + AB4IR) → editions since 2019. 2025 partners: City of Tshwane, MTN SA, IQ Business, AWS, Nelekat; universities TUT/UP/UNISA/SMU; top-3 teams named as teams only.",2026-08-26
E061,CyberSecureTech Hackathon,Unknown,2025,2025,Unknown,Unknown,Thohoyandou,Limpopo,University of Venda,Physical,UNIVEN,Unknown,Adapt IT (mentorship),Cybersecurity,18 teams -> 11 finalists,Unknown,11,4,Unknown,https://www.univen.ac.za/news/cybersecure-tech-hackathon-2025-empowers-the-youth-to-safeguard-south-africas-digital-future/ ; https://www.univen.ac.za/news/univen-honours-top-innovators-at-cybersecuretech-hackathon-2025-prize-ceremony/,Unknown,Unknown,https://www.univen.ac.za/news/cybersecure-tech-hackathon-2025-empowers-the-youth-to-safeguard-south-africas-digital-future/ ; https://www.univen.ac.za/news/univen-honours-top-innovators-at-cybersecuretech-hackathon-2025-prize-ceremony/,C,Prize amounts and first-place team composition conflict between two UNIVEN articles (see contradiction log).,2026-08-26
E062,UCT Financial Innovation Hub x Interledger Foundation Hackathon,Unknown,2025,2025,2025-06-28,Unknown,Cape Town,Western Cape,Unknown,Physical,UCT Financial Innovation Hub,Unknown,Interledger Foundation,Fintech / Interledger Protocol,12 teams from 4 universities,Unknown,12,3,Unknown,https://interledger.org/news/uct-financial-innovation-hub-and-interledger-foundation-hackathon,Unknown,Unknown,https://interledger.org/news/uct-financial-innovation-hub-and-interledger-foundation-hackathon,B,,2026-08-26
E063,UCT Financial Innovation Hub x Interledger Hackathon,Unknown,2026,2026,2026-06 (week-long bootcamp),Unknown,Cape Town,Western Cape,Unknown,Physical,UCT Financial Innovation Hub,Unknown,Interledger Foundation,Financial inclusion,"8 students (UCT, Eduvos, SPU, UFS)",Unknown,Unknown,1 named team (3 members),Unknown,https://www.ewn.co.za/2026/06/28/uct-master-s-students-win-financial-innovation-hub-hackathon,Unknown,Unknown,https://www.ewn.co.za/2026/06/28/uct-master-s-students-win-financial-innovation-hub-hackathon,C,Only one member of winning team named in coverage.,2026-08-26
E064,UCT Surgical Society x Harvard HSIL Surgical Hackathon,Unknown,2025,2025,2025-04-11,2025-04-12,Cape Town,Western Cape,Unknown,Physical,UCT Surgical Society with Harvard Health Systems Innovation Lab; Global Surgery,Unknown,Unknown,AI for healthcare systems,Unknown,Unknown,Unknown,1 named team,Unknown,https://www.news.uct.ac.za/article/-2025-04-24-surgical-hackathon-team-devises-street-smart-solution,Unknown,Unknown,https://www.news.uct.ac.za/article/-2025-04-24-surgical-hackathon-team-devises-street-smart-solution,B,,2026-08-26
E065,Innovate Africa Fund Hackathon,Unknown,2025 (inaugural),2025,Unknown,Unknown,Unknown,Unknown,Unknown,Physical,Innovate Africa Fund (angel syndicate),Unknown,Unknown,Pan-African startups,10 teams from across Africa,Unknown,Unknown,1 named team,Unknown,https://techpoint.africa/feature/innovate-africa-fund-hackathon/,Unknown,Unknown,https://techpoint.africa/feature/innovate-africa-fund-hackathon/,C,Venue not stated in located coverage; winning team South African.,2026-08-26
E066,Hackathons for SA #GBV — Cape Town,Unknown,2020,2020,Unknown,Unknown,Cape Town,Western Cape,Unknown,Physical,Unknown,Silicon Cape (implementation partner),Unknown,Gender-based violence prevention,Unknown,Unknown,Unknown,1 named team,Unknown,https://www.quicket.co.za/events/94401-hackathons-for-sa-gbv-digital-solutions-for-real-world-challenges/,Unknown,Unknown,https://www.quicket.co.za/events/94401-hackathons-for-sa-gbv-digital-solutions-for-real-world-challenges/,C,,2026-08-26
E067,Township Tech Hackathon (CiTi),Unknown,2021,2021,Unknown,Unknown,Cape Town,Western Cape,Woodstock Bandwidth Barn (final),Hybrid,Cape Innovation and Technology Initiative (CiTi),Western Cape Department of Economic Development and Tourism,Unknown,Township tech,40 participants,Unknown,6,3,Unknown,https://www.itweb.co.za/article/township-tech-hackathon-stars-revealed/lwrKxv3KkVxvmg1o,Unknown,Unknown,https://www.itweb.co.za/article/township-tech-hackathon-stars-revealed/lwrKxv3KkVxvmg1o,C,,2026-08-26
E068,AB4IR Hackathon,Unknown,2021,2021,2021-04 (three days),Unknown,Tshwane,Gauteng,Tshwane South TVET College,Hybrid (reported as online event at TVET college venue),Africa Beyond 4IR (AB4IR),Unknown,Liquid Intelligent Technologies,Creative industries / township digital entrepreneurship,250 registrations; 20 selected,Unknown,20 participants,3,Unknown,https://www.itweb.co.za/article/township-tech-innovations-provide-real-world-solutions/lwrKxq3KaE1qmg1o,Unknown,Unknown,https://www.itweb.co.za/article/township-tech-innovations-provide-real-world-solutions/lwrKxq3KaE1qmg1o,C,,2026-08-26
E069,Eastern Cape Youth Digital Agrisec Hackathon,Unknown,2022,2022,Unknown,Unknown,Unknown,Eastern Cape,Unknown,Physical,PAICTA-linked programme,Unknown,Unknown,Agritech,Unknown,Unknown,Unknown,1 named team,Unknown,https://www.wsu.ac.za/index.php/media-center/latest-news/286-wsu-newsletter/406-wsu-its-students-headed-to-international-hackathon-2022,Unknown,Unknown,https://www.wsu.ac.za/index.php/media-center/latest-news/286-wsu-newsletter/406-wsu-its-students-headed-to-international-hackathon-2022,C,WSU Komani ITS students won; exact venue/date not captured.,2026-08-26
E070,PAICTA International Hackathon,Unknown,2022,2022,Unknown,Unknown,Unknown,Unknown,Unknown,Unknown,Pan African ICT Association (PAICTA),Unknown,Unknown,Unknown,Unknown,Unknown,Unknown,Unknown,Unknown,https://www.wsu.ac.za/index.php/media-center/latest-news/286-wsu-newsletter/406-wsu-its-students-headed-to-international-hackathon-2022,Unknown,Unknown,https://www.wsu.ac.za/index.php/media-center/latest-news/286-wsu-newsletter/406-wsu-its-students-headed-to-international-hackathon-2022,D,SA participation verified (4 WSU students qualified); placement in international event not located.,2026-08-26
E071,DIRISA Student Datathon,Unknown,2022,2022,2022-11-26,2022-12-02,Pretoria,Gauteng,CSIR ICC,Physical,DIRISA (CSIR),Unknown,Unknown,Data science (social media data),10 teams,Unknown,Unknown,3 + special awards,Unknown,https://sdc.dirisa.ac.za/2022-datathon/,Unknown,Unknown,https://sdc.dirisa.ac.za/2022-datathon/,B,,2026-08-26
E072,DIRISA Student Datathon,Unknown,2023,2023,Unknown,2023-12-07 (awards),Skukuza (awards),Mpumalanga,"Nombolo Mdhli conference site, Skukuza Rest Camp (awards ceremony)",Physical,DIRISA (CSIR),Unknown,"Momentum, Spectra Logic, Korbicom Educational Trust",Data science (youth unemployment),Unknown,Unknown,Unknown,Named individual bursary winners + university teams,Unknown,https://www.dirisa.ac.za/2023-dirisa-student-datathon/ ; https://www.csir.co.za/dirisa-hosts-annual-student-datathon-challenge,Unknown,Unknown,https://www.dirisa.ac.za/2023-dirisa-student-datathon/ ; https://www.csir.co.za/dirisa-hosts-annual-student-datathon-challenge,B,Only the awards ceremony venue is Mpumalanga; competition phases held at institutions/online (not fully specified).,2026-08-26
E073,DIRISA Student Datathon — earlier editions,Unknown,2019-2021 (annual since 2019 — consolidated),2019-2021,Unknown,Unknown,Unknown,Unknown,Unknown,Physical,DIRISA (CSIR),Unknown,Unknown,Unknown,Unknown,Unknown,Unknown,Unknown,Unknown,https://www.csir.co.za/dirisa-hosts-annual-student-datathon-challenge,Unknown,Unknown,https://www.csir.co.za/dirisa-hosts-annual-student-datathon-challenge,E,Organiser states datathon 'successfully held since 2019'; per-year 2019-2021 results not located this pass.,2026-08-26
E074,IEB-TechWays National AI Hackathon,Unknown,2026,2026,Unknown,Unknown,Unknown,Unknown,Unknown,National (schools),IEB / TechWays,Unknown,Unknown,AI (schools),Unknown,Unknown,Unknown,7 school teams recognised,Unknown,https://iafrica.com/ai-joins-the-judging-panel-for-2026-ieb-techways-ai-hackathon-2026-winners-announced/,Unknown,Unknown,https://iafrica.com/ai-joins-the-judging-panel-for-2026-ieb-techways-ai-hackathon-2026-winners-announced/,C,Learner names not published; school teams recorded in unresolved identities.,2026-08-26
E075,South Africa Space Design Competition — national finals,Unknown,2026 (inaugural),2026,2026-03,Unknown,Cape Town,Western Cape,University of Cape Town,Physical,SA Space Design Competition (founded by Jagger Cooper-Doubell),Unknown,Unknown,Space engineering design sprint,109 learners from 9 schools,Unknown,Unknown,7 learners selected (Team ZA),Unknown,https://www.dailymaverick.co.za/article/2026-08-21-sa-high-schoolers-rocket-to-the-top-as-nasa-space-champions/ ; https://www.businesstechafrica.co.za/technology/2026/08/08/seven-south-african-high-school-learners-won-the-international-space-settlement-design-competition/,Unknown,Unknown,https://www.dailymaverick.co.za/article/2026-08-21-sa-high-schoolers-rocket-to-the-top-as-nasa-space-champions/ ; https://www.businesstechafrica.co.za/technology/2026/08/08/seven-south-african-high-school-learners-won-the-international-space-settlement-design-competition/,C,"Design-competition scope. Team ZA then won the International Space Settlement Design Competition global finals (Kennedy Space Center, 30 Jul–2 Aug 2026) — international outcome recorded in notes.",2026-08-26
E076,HackAtom South Africa (national round),Unknown,2026 (first SA round),2026,Unknown,Unknown,Durban,KwaZulu-Natal,Unknown,Physical,HackAtom international (Rosatom-linked programme),Unknown,Unknown,Energy / engineering,Unknown,Unknown,Unknown,1 named team,Unknown,https://techfinancials.co.za/2026/05/12/hackatom-final-university-of-zululand-team-to-represent-sa-in-russia/,Unknown,Unknown,https://techfinancials.co.za/2026/05/12/hackatom-final-university-of-zululand-team-to-represent-sa-in-russia/,C,International final held in Moscow (outside SA scope) — SA national round recorded.,2026-08-26
E077,Gauteng Department of e-Government Youth Tech Challenge,Unknown,2026,2026,Unknown,2026-07 (results announced),Unknown,Gauteng,Unknown,Physical,Gauteng Department of e-Government,Unknown,Unknown,AI for service delivery (youth),5 finalist district teams (10 learners each),Unknown,5,5,Unknown,https://www.citizen.co.za/krugersdorp-news/news-headlines/local-news/2026/07/14/fourth-place-for-west-rand-in-gautengs-biggest-youth-tech-challenge/,Unknown,Unknown,https://www.citizen.co.za/krugersdorp-news/news-headlines/local-news/2026/07/14/fourth-place-for-west-rand-in-gautengs-biggest-youth-tech-challenge/,C,Event name as described in coverage ('Gauteng's biggest youth tech challenge'); official programme name not confirmed.,2026-08-26
E078,Girls Game Jam (French Institute of South Africa),Unknown,2025,2025,Unknown,Unknown,Unknown,Unknown,Unknown,Physical,French Institute of South Africa,Unknown,Unknown,Game jam (women/girls),Unknown,Unknown,Unknown,1 named team,Unknown,https://frenchinstitute.org.za/arts-and-creative-industries/creative-industries/gaming/girls-game-jam-inspiring-the-next-generation-of-game-developers/,Unknown,Unknown,https://frenchinstitute.org.za/arts-and-creative-industries/creative-industries/gaming/girls-game-jam-inspiring-the-next-generation-of-game-developers/,C,Event city not stated in located coverage.,2026-08-26
E079,Global Game Jam — South African sites,Unknown,2020 (Vega Cape Town & Vega Johannesburg),2020,2020-01-31,2020-02-02,Cape Town; Johannesburg,Western Cape; Gauteng,Unknown,Physical,MakeGamesSA (community); Global Game Jam,Unknown,Unknown,Game jam,Unknown,Unknown,Unknown,Unknown,Unknown,https://makegamessa.com/discussion/5846/global-game-jam-2020-31-jan-2-feb-2020,Unknown,Unknown,https://makegamessa.com/discussion/5846/global-game-jam-2020-31-jan-2-feb-2020,D,GGJ has run SA sites across multiple years (community-coordinated); participant lists exist per site on globalgamejam.org — bulk extraction scheduled for next pass. Series row for 2020 sites; other years to be enumerated.,2026-08-26
E080,Cloud DevJam Hackathon (Zaio),Unknown,Unknown,Unknown,Unknown,Unknown,Unknown,Unknown,Unknown,Online (international),Zaio (Cape Town),Unknown,Unknown,MERN stack coding gameshow,Unknown,Unknown,Unknown,top 10 incl. SA pair,Unknown,https://www.science.unizulu.ac.za/cs/category/news/page/2/,Unknown,Unknown,https://www.science.unizulu.ac.za/cs/category/news/page/2/,D,Date not stated in located coverage (UNIZULU news index). SA participants connected via organiser + participant SA locations.,2026-08-26
E081,VUT Hackathon,Unknown,2026,2026,Unknown,Unknown,Vanderbijlpark,Gauteng,Vaal University of Technology,Physical,VUT,Unknown,Unknown,Community problem-solving,Unknown,Unknown,Unknown,Unknown,Unknown,https://vut.ac.za/vut-hackathon-2026-turns-student-ideas-into-real-world-innovation/,Unknown,Unknown,https://vut.ac.za/vut-hackathon-2026-turns-student-ideas-into-real-world-innovation/,D,Winning team names not captured in accessed excerpt; regional follow-on at UFS QwaQwa campus.,2026-08-26
E082,IATF Healthcare Hackathon,Unknown,2025,2025,Unknown,Unknown,Unknown,Unknown,Unknown,Unknown,Afrilabs + Afreximbank (at Intra-African Trade Fair 2025),Unknown,Unknown,Health,Unknown,Unknown,Unknown,1 named team,Unknown,https://www.towardshealthcare.com/news/iatf-2025-healthcare-hackathon-winners,Unknown,Unknown,https://www.towardshealthcare.com/news/iatf-2025-healthcare-hackathon-winners,D,Physical venue outside SA (IATF 2025). Included per online/hybrid rule: SA connection documented for winner Jamie Wyngaard (SA entrepreneur). Verify venue country before treating as SA-hosted.,2026-08-26
E083,ITWeb Security Summit Hackathon (#SS22Hack),Unknown,2022,2022,2022-06 (summit window),Unknown,Johannesburg,Gauteng,Sandton Convention Centre,Physical,ITWeb Security Summit,Geekulcha (chairperson: Tiyani Nghonyama) + ITWeb,"Snode Technologies, Telspace, Custodiet Advisory Services",Cybersecurity,Unknown,Unknown,Unknown,3 teams + CTF winner,Unknown,https://www.itweb.co.za/article/young-geeks-rise-to-defend-sa-from-id-fraud/WnpNgq21GZYMVrGd,Unknown,Unknown,https://www.itweb.co.za/article/young-geeks-rise-to-defend-sa-from-id-fraud/WnpNgq21GZYMVrGd,B,Series naming: #SS<year>Hack = Security Summit Hackathon (confirmed via organiser posts and #SS24HACK coverage). 2022 champion team from Sol Plaatje University (Northern Cape residents; event in JHB).,2026-08-26
E084,ITWeb Security Summit Hackathon (#SS23Hack),Unknown,2023,2023,2023-06-06,2023-06-07,Johannesburg,Gauteng,Sandton Convention Centre,Physical,ITWeb Security Summit,Geekulcha + ITWeb,"Snode, Startup Business Campus",Cybersecurity,Unknown,Unknown,Unknown,Unknown,Unknown,https://www.itweb.co.za/event/itweb-security-summit-2023/hackathon/index.html ; https://www.itweb.co.za/article/ncape-developers-shine-at-security-summit-2024-hackathon/VgZey7JlkeyqdjX9,Unknown,Unknown,https://www.itweb.co.za/event/itweb-security-summit-2023/hackathon/index.html ; https://www.itweb.co.za/article/ncape-developers-shine-at-security-summit-2024-hackathon/VgZey7JlkeyqdjX9,D,Winner identity not located this pass; 2024 coverage states Northern Cape participants triumphed 'for a second consecutive year' (implies NC win in 2023 — see unresolved).,2026-08-26
E085,ITWeb Security Summit Hackathon (#SS24Hack),Unknown,2024,2024,Unknown,Unknown,Johannesburg,Gauteng,Unknown,Physical,ITWeb Security Summit,Geekulcha + ITWeb,"Snode, Telspace",Generation Hacker: GenZ vs GenAI,500+ registrations,57 participants (14 teams),Unknown,2 named teams + CTF + special,Unknown,https://www.itweb.co.za/article/ncape-developers-shine-at-security-summit-2024-hackathon/VgZey7JlkeyqdjX9,Unknown,Unknown,https://www.itweb.co.za/article/ncape-developers-shine-at-security-summit-2024-hackathon/VgZey7JlkeyqdjX9,B,Two conflicting CTF winner claims recorded (see contradiction log C08).,2026-08-26
E086,ITWeb Security Summit Hackathon (#SSHACK26),Unknown,2026,2026,Unknown,Unknown,Johannesburg,Gauteng,Unknown,Physical,ITWeb Security Summit,Geekulcha + ITWeb,"Snode, Subverted Academy",Cybersecurity,Unknown,Unknown,Unknown,Unknown,Unknown,https://www.itweb.co.za/article/team-doria-wins-sshack26/4r1ly7R95KPvpmda,Unknown,Unknown,https://www.itweb.co.za/article/team-doria-wins-sshack26/4r1ly7R95KPvpmda,B,,2026-08-26
E087,ITWeb Security Summit Hackathon — Northern Cape edition (#SS25HACK),Unknown,2025,2025,Unknown,Unknown,Kimberley,Northern Cape,Sol Plaatje University (expected host venue),Physical,NC Dept of Economic Development & Tourism + Sol Plaatje University,"Geekulcha, CompTIA, Telspace Africa, Snode Technologies",Unknown,AI for cyber resilience,up to 50 participants (15 teams),Unknown,Unknown,Unknown,Unknown,https://www.itweb.co.za/article/security-hackathon-heads-to-kimberley/mQwkoM6Y6aE73r9A,Unknown,Unknown,https://www.itweb.co.za/article/security-hackathon-heads-to-kimberley/mQwkoM6Y6aE73r9A,E,First verified Northern-Cape-venue hackathon in this census.,2026-08-26
E088,GirlCodeHack,Unknown,2018 (5th annual),2018,2018-08-03,2018-08-05,Johannesburg,Gauteng,Unknown,Physical,GirlCode,Unknown,"Cisco, AWS, BoxFusion, LGIT Smart Solutions",Women in tech,Unknown,Unknown,Unknown,3 named teams,Unknown,https://www.geekyreality.com/blog/girlcodehack-the-largest-female-hackathon ; https://www.dvtsoftware.com/news-insights/insights/item/324-girlcode-hackathon-2018-report-back,Unknown,Unknown,https://www.geekyreality.com/blog/girlcodehack-the-largest-female-hackathon ; https://www.dvtsoftware.com/news-insights/insights/item/324-girlcode-hackathon-2018-report-back,C,,2026-08-26
E089,Discovery GradHack,Unknown,2019,2019,Unknown,Unknown,Unknown,Unknown,Unknown,Physical,Discovery,Unknown,Unknown,Health,Unknown,Unknown,Unknown,Unknown,Unknown,https://www.linkedin.com/in/thabang-mabula/,Unknown,Unknown,https://www.linkedin.com/in/thabang-mabula/,C,Winner documented only via participant self-report on public LinkedIn profile (Medium confidence).,2026-08-26
E090,Discovery GradHack,Unknown,2022,2022,Unknown,Unknown,Unknown,Unknown,Unknown,Physical,Discovery,Unknown,Unknown,Emerging tech / insurance,Unknown,Unknown,Unknown,Unknown,Unknown,https://sit.uct.ac.za/articles/2021-06-17-team-wins-2022-discovery-gradhack,Unknown,Unknown,https://sit.uct.ac.za/articles/2021-06-17-team-wins-2022-discovery-gradhack,B,,2026-08-26
E091,Discovery GradHack,Unknown,2023 (virtual),2023,2023-04-21,Unknown,Unknown,Unknown,Unknown,Online (72h),Discovery,Unknown,Unknown,Digital identity / KYC,15 teams,Unknown,Unknown,Unknown,Unknown,https://sit.uct.ac.za/articles/2023-06-13-hackstreet-boys-win-2023-discovery-gradhack,Unknown,Unknown,https://sit.uct.ac.za/articles/2023-06-13-hackstreet-boys-win-2023-discovery-gradhack,B,All top-3 teams from Cape Town institutions.,2026-08-26
E092,PAICTA × UJ Technopreneurship Centre Virtual Hackathon Challenge,Unknown,2020,2020,2020-11,2020-12,Johannesburg (host institution),Gauteng,Unknown,Online,PAICTA + UJ Technopreneurship Centre,Unknown,"Software AG, Siyafunda CTC, Mecer, Huawei, Deviare, Cisco Networking Academy, SAP",Agriculture / everyday SA challenges,13 groups of 5-8 students,Unknown,13,3 teams + 3 individual awards,Unknown,https://ventureburn.com/2020/12/virtual-hackathon-challenge-winners-announced/ ; https://news.uj.ac.za/news/hackathon-challenge-success-2/ ; https://www.itweb.co.za/article/hackathon-showcases-innovators-of-the-future/KWEBbvyZGVb7mRjO,Unknown,Unknown,https://ventureburn.com/2020/12/virtual-hackathon-challenge-winners-announced/ ; https://news.uj.ac.za/news/hackathon-challenge-success-2/ ; https://www.itweb.co.za/article/hackathon-showcases-innovators-of-the-future/KWEBbvyZGVb7mRjO,B,,2026-08-26
E093,Mpumalanga Artificial Intelligence Student Hackathon (Maish),Unknown,2023,2023,Unknown,Unknown,Mbombela,Mpumalanga,Unknown,Physical,University of Mpumalanga + Tshwane University of Technology,Unknown,Unknown,AI for Africa's problems,Unknown,Unknown,Unknown,Unknown,Unknown,https://www.visive.ai/news/mpumalanga-ai-hackathon-unis-join-for-student-event,Unknown,Unknown,https://www.visive.ai/news/mpumalanga-ai-hackathon-unis-join-for-student-event,E,First verified Mpumalanga-venue hackathon in this census; winners not located.,2026-08-26
E094,Telkom 10X Hackathon — TUT eMalahleni leg,Unknown,2025,2025,2025 (36 hours),Unknown,eMalahleni,Mpumalanga,TUT eMalahleni Campus,Physical,Telkom (10X) with TUT,"Nkangala TVET College, Amdocs, Geekulcha",Unknown,Youth digital innovation (students + high-school learners),Unknown,Unknown,Unknown,1 named team,Unknown,https://www.tut.ac.za/latest-news/819-tut-and-telkom-drive-innovation-with-36-hour-hackathon-to-empower-youth,Unknown,Unknown,https://www.tut.ac.za/latest-news/819-tut-and-telkom-drive-innovation-with-36-hour-hackathon-to-empower-youth,B,Second verified Mpumalanga-venue event; winning team advanced to Telkom national hackathon.,2026-08-26
E095,FinChatBot Hackathon,Unknown,2019 (first),2019,2019-11,Unknown,Johannesburg,Gauteng,IBM Johannesburg,Physical,FinChatBot,Unknown,Budget Insurance (implementation),Insurtech / chatbots,11 teams,Unknown,11,4 recognised teams,Unknown,http://www.skillssummit.co.za/index.php/article/finchatbot-30163.html ; https://www.linkedin.com/in/thabang-mabula/,Unknown,Unknown,http://www.skillssummit.co.za/index.php/article/finchatbot-30163.html ; https://www.linkedin.com/in/thabang-mabula/,B,,2026-08-26
E096,UmojaHack Africa (Zindi inter-university hackathon),Unknown,2021 (Mar and Dec editions),2021,2021-03-27,2021-03-28,Unknown,Unknown,Unknown,Online,Zindi (African data-science competition platform; press release datelined Johannesburg),Unknown,"Microsoft, African Bank, Google AI, GIZ, Liquid Telecom, InstaDeep",Data science / machine learning,"1000+ students, 126 universities",Unknown,Unknown,challenge-level winners incl. Stellenbosch University & UCT teams (SA),Unknown,https://zindi.medium.com/one-thousand-data-scientists-join-hands-across-closed-borders-for-umojahack-africa-6edfe56b0452 ; https://www.africa-newsroom.com/press/africas-largest-interuniversity-hackathon-brings-students-together-on-zindi-for-data-science-for-good?lang=en,Unknown,Unknown,https://zindi.medium.com/one-thousand-data-scientists-join-hands-across-closed-borders-for-umojahack-africa-6edfe56b0452 ; https://www.africa-newsroom.com/press/africas-largest-interuniversity-hackathon-brings-students-together-on-zindi-for-data-science-for-good?lang=en,D,"Pan-African online event; SA relevance via organiser dateline, sponsors, SAEON challenge data and SA winning universities. Individual member names not published in located coverage.",2026-08-26
E097,SA Game Jam,Unknown,2018,2018,2018-08 (jam window),Unknown,Unknown,Unknown,Unknown,Physical,Make Games South Africa,Unknown,Free Lives,Game jam (national),Unknown,Unknown,Unknown,Unknown,Unknown,https://makegamessa.com/discussion/5375/sa-game-jam-2018,Unknown,Unknown,https://makegamessa.com/discussion/5375/sa-game-jam-2018,D,Annual national game jam with judged prizes; 2018 winners announced 8 Oct 2018 — winner names not yet extracted.,2026-08-26
E098,HackCorruption South Africa,Unknown,2022,2022,2022-07 (hybrid event),2022-10 (Johannesburg boot camp),Johannesburg (boot camp),Gauteng,Unknown,Hybrid,Accountability Lab,Center for International Private Enterprise; US State Dept INL,Unknown,Anti-corruption / tech4good,100 participants from 6 countries,Unknown,Unknown,4 named teams (17 individuals),Unknown,https://hackcorruption.org/south-africa-hackathon/,Unknown,Unknown,https://hackcorruption.org/south-africa-hackathon/,B,Regional hybrid event with SA venue component (Johannesburg winners' boot camp); winners' nationalities not stated in source — not inferred.,2026-08-26
E099,Tech4Africa Hackathon,Unknown,2015,2015,2015-10-08,2015-10-11,Johannesburg,Gauteng,Unknown,Physical,Tech4Africa,Unknown,Unknown,Startup / developer,Unknown,Unknown,Unknown,Unknown,Unknown,https://t4a2015.sched.com/2015-10-08/list/descriptions/,Unknown,Unknown,https://t4a2015.sched.com/2015-10-08/list/descriptions/,E,Hackathon track confirmed within 4-day Tech4Africa 2015; earlier Tech4Africa hack days (2011-2014) still unverified.,2026-08-26
E100,G20 Tourism Hackathon,Unknown,2025 (inaugural),2025,2025-09-10,2025-09-11,Hazyview (Sabi River Sun Resort),Mpumalanga,Unknown,Hybrid,Department of Tourism (Minister Patricia de Lille),Centre for Public Service Innovation + Geekulcha (with Future Leaders Challenge),Unknown,AI for tourism (G20 SA presidency),46-48 youth from 21 institutions,Unknown,7+ prize-winning groups,3 named teams,Unknown,https://www.timeslive.co.za/news/south-africa/2025-10-08-uj-students-scoop-top-two-places-in-g20-tourism-challenge-using-ai/ ; https://www.tourism.gov.za/AboutNDT/Branches1/domestic/News/Pages/South_African_youth_enthral_at_the_Inaugural_G20_Tourism_Hackathon_challenge.aspx,Unknown,Unknown,https://www.timeslive.co.za/news/south-africa/2025-10-08-uj-students-scoop-top-two-places-in-g20-tourism-challenge-using-ai/ ; https://www.tourism.gov.za/AboutNDT/Branches1/domestic/News/Pages/South_African_youth_enthral_at_the_Inaugural_G20_Tourism_Hackathon_challenge.aspx,A,"Finals at Sabi River Sun Resort, Sabie River valley, Mpumalanga, 10-11 Sep 2025; youth from all 9 provinces; launched Jun 2025 at UWC with Future Leaders Challenge; in collaboration with CPSI and Geekulcha; winners presented at G20 Ministers' Meeting, Skukuza. FULL top-3 rosters (20 named individuals with institutions) captured from Department of Tourism page.",2026-08-26
E101,ITWeb Security Summit Hackathon (#SS20Hack),Unknown,2020 (4th annual),2020,2020-08-24,2020-08-27,Unknown,Unknown,Unknown,Online,ITWeb Security Summit,Geekulcha,Snode Technologies (learnerships),Post-COVID solutions ('hack the virus'),Unknown,Unknown,Unknown,Unknown,Unknown,https://itweb.africa/article/hacking-the-virus-at-itwebs-security-summit/rxP3jMBmNoR7A2ye,Unknown,Unknown,https://itweb.africa/article/hacking-the-virus-at-itwebs-security-summit/rxP3jMBmNoR7A2ye,D,Northern Cape leg led by NC Provincial Government (DEDAT) + Sol Plaatje University. Winners not located.,2026-08-26
E102,ITWeb Security Summit Hackathon — early/inferred editions,Unknown,"2017, 2018, 2021 (consolidated probable)",2017-2021,Unknown,Unknown,Unknown,Unknown,Unknown,Physical,ITWeb Security Summit,Geekulcha,Unknown,Unknown,Unknown,Unknown,Unknown,Unknown,Unknown,https://itweb.africa/article/hacking-the-virus-at-itwebs-security-summit/rxP3jMBmNoR7A2ye ; https://www.linkedin.com/posts/idemia-north-america_employeespotlight-weareidemia-lovewhereyouwork-activity-7087891472527605761-YG4B,Unknown,Unknown,https://itweb.africa/article/hacking-the-virus-at-itwebs-security-summit/rxP3jMBmNoR7A2ye ; https://www.linkedin.com/posts/idemia-north-america_employeespotlight-weareidemia-lovewhereyouwork-activity-7087891472527605761-YG4B,E,Series arithmetic: 'fourth annual' in 2020 → began 2017; 'seventh year' in 2023 → 2021 edition existed (virtual-era). #SS19Hack (2019) recorded separately; #SS21Hack winner not located.,2026-08-26
E103,Service Delivery Ignite Hackathon (#IgniteHack),Unknown,2018,2018,2018-09-28,2018-09-30,Johannesburg (Auckland Park),Gauteng,"University of Johannesburg, Kingsway Campus",Physical,Department of Public Service and Administration (DPSA) + Centre for Public Service Innovation (CPSI),University of Johannesburg; Geekulcha; Open Data South Africa,NDP-linked,Youth Spark: service delivery,420 registered (200 cap),Unknown,Top 10 -> Top 3,Unknown,Unknown,https://ignitehack.devpost.com/ ; https://devpost.com/software/deephealth,Unknown,Unknown,https://ignitehack.devpost.com/ ; https://devpost.com/software/deephealth,C,"Devpost-hosted; prizes R306k incl. Most Secure Solution, Best Female Star, Ultimate GeekStar, Best Presenter; winners not labelled on gallery. Public gallery lists 4 submissions; DeepHealth creator identified as Mabu Manaileng (Phase 5). Build-up events recorded separately (E104, E105).",2026-08-26
E104,IgniteHack build-up: Medical Hackathon Limpopo,Unknown,2018,2018,2018-08-17,2018-08-18,Unknown,Limpopo,Unknown,Physical,CPSI/DPSA (IgniteHack programme),Unknown,Unknown,Health / service delivery,Unknown,Unknown,Unknown,Unknown,Unknown,https://ignitehack.devpost.com/,Unknown,Unknown,https://ignitehack.devpost.com/,E,Build-up event to #IgniteHack; winners not located.,2026-08-26
E105,IgniteHack build-up: Northern Cape Provincial Hackathon,Unknown,2018,2018,Unknown,Unknown,De Aar,Northern Cape,Unknown,Physical,CPSI/DPSA (IgniteHack programme),Unknown,Unknown,Service delivery,Unknown,Unknown,Unknown,Unknown,Unknown,https://ignitehack.devpost.com/,Unknown,Unknown,https://ignitehack.devpost.com/,E,Second verified Northern-Cape-venue hackathon in this census; winners not located.,2026-08-26
E106,Digital ID Hackathon — Southern Africa,Unknown,2024/25,2024,2024-11-22,2025-02-09,Johannesburg (regional listing),Gauteng,Unknown,Hybrid,Upanzi Network (CMU-Africa) + MicroSave Consulting,Unknown,Unknown,Digital identity use-cases,101 participants,Unknown,Unknown,Unknown,Unknown,https://hackid-southernafrica.devpost.com/ ; https://www.africa.engineering.cmu.edu/news/2025/06/13-digital-id.html,Unknown,Unknown,https://hackid-southernafrica.devpost.com/ ; https://www.africa.engineering.cmu.edu/news/2025/06/13-digital-id.html,D,"One of four regional hackathons feeding a pan-African final (overall winner: Team Retro, Senegal; runner-up SmartTRAIS, Rwanda — both non-SA). Southern Africa regional winners not named in located sources.",2026-08-26
E107,ETHCapeTown,Unknown,2019,2019,Unknown,Unknown,Cape Town,Western Cape,Unknown,Physical,ETHGlobal-affiliated community organisers,Unknown,Unknown,Blockchain / Ethereum,Unknown,Unknown,Unknown,Unknown,Unknown,https://medium.com/stakecapital/ethcapetown-hackathon-winners-168520fdefec,Unknown,Unknown,https://medium.com/stakecapital/ethcapetown-hackathon-winners-168520fdefec,D,Winning project 'dTok' (selected by ETHGlobal + sponsor prizes Raiden/MakerDAO/NuCypher); team members not named in located coverage.,2026-08-26
E108,SA Game Jam,Unknown,2022,2022,2022-11 (jam window),Unknown,Unknown,Unknown,Unknown,Physical,Make Games South Africa,Unknown,Unknown,Game jam (national),Unknown,Unknown,Unknown,Unknown,Unknown,https://gamesindustryafrica.com/2022/10/23/sa-game-jam-set-to-return-in-november/,Unknown,Unknown,https://gamesindustryafrica.com/2022/10/23/sa-game-jam-set-to-return-in-november/,D,Prizes: Overall R20k; category prizes R5k-R10k. Winners not extracted yet.,2026-08-26
E109,Geekulcha VacWork build challenges (series),Unknown,2014-2016+ (consolidated),2014-2016,Unknown,Unknown,Tshwane; Johannesburg; Soweto; Giyani; Siyabuswa,Gauteng; Limpopo; Mpumalanga,Unknown,Physical (multiple venues),Geekulcha,Unknown,Unknown,Youth vacation-work innovation challenges,Unknown,Unknown,Unknown,Unknown,Unknown,https://www.geekulcha.dev/the-work?category=VacWork,Unknown,Unknown,https://www.geekulcha.dev/the-work?category=VacWork,E,Programme-embedded competitive builds; e.g. Soweto Dec 2016: 'Kasi App Lovers' voted best team. Edition-level winners largely unpublished; series row pending per-edition split.,2026-08-26
E110,Geekulcha hackathon at TUT campus (weekend of code),Unknown,2015,2015,2015-07 (36 hours),Unknown,Unknown,Gauteng,Tshwane University of Technology campus,Physical,Geekulcha (with TUT),Unknown,"Microsoft, Intel, YSEN",Campus improvement,Unknown,Unknown,Unknown,Unknown,Unknown,https://www.nunnovation.com/2015/07/29/a-weekend-of-code-at-tshwane-university-of-technology-campus/,Unknown,Unknown,https://www.nunnovation.com/2015/07/29/a-weekend-of-code-at-tshwane-university-of-technology-campus/,D,Winning solutions selected; Best Presenter among VacWork learners; names not published.,2026-08-26
E111,UmojaHack Africa (Zindi),Unknown,2022,2022,2022-03-20,Unknown,Unknown,Unknown,Unknown,Online,Zindi,Unknown,Unknown,Machine learning (beginner/intermediate/advanced tracks),Unknown,Unknown,Unknown,Unknown,Unknown,https://zindi.africa/competitions/umojahack-africa-2022-advanced-challenge,Unknown,Unknown,https://zindi.africa/competitions/umojahack-africa-2022-advanced-challenge,D,"Winners published as Zindi platform usernames (e.g. ASSAZZIN, Lawrence_Moruye, DanielBruintjies, Mdda, Pynux) — pseudonymous per platform convention; not deanonymised per privacy rules.",2026-08-26
E112,GirlCodeHack,Unknown,2024 (10th annual — first pan-African),2024,2024-08-31,2024-09-01,Johannesburg (MTN Group HQ; 10+ African cities),Gauteng,MTN Group Headquarters,Hybrid,GirlCode,Unknown,Vuma (supporter); MTN (venue),Harnessing technology for the SDGs,Unknown,Unknown,3 named teams,Unknown,Unknown,https://www.itweb.co.za/article/girlcodes-first-pan-african-hackathon-tackles-global-pressing-issues/rW1xL75nYzPMRk6m,Unknown,Unknown,https://www.itweb.co.za/article/girlcodes-first-pan-african-hackathon-tackles-global-pressing-issues/rW1xL75nYzPMRk6m,C,First pan-African edition. Top-3 teams named as teams; overall winner (US trip) not stated in located coverage.,2026-08-26
E113,UmojaHack Africa (Zindi),Unknown,2020 (first edition),2020,2020-03-22,Unknown,Unknown,Unknown,Unknown,Online,Zindi,Unknown,"Microsoft, African Bank, Google AI, GIZ, Liquid Telecom, InstaDeep",Machine learning (inter-university),1000 students from 56 universities (15 countries),Unknown,Unknown,Hotspots Challenge: 1st Geoffrey Frost (SA),Unknown,https://umojahack.africa/2021/03/01/umojahack-2020-one-thousand-data-scientists-join-hands-across-closed-borders/ ; https://zindi.africa/learn/meet-the-winners-of-umojahack-3-hotspots-challenge,Unknown,Unknown,https://umojahack.africa/2021/03/01/umojahack-2020-one-thousand-data-scientists-join-hands-across-closed-borders/ ; https://zindi.africa/learn/meet-the-winners-of-umojahack-3-hotspots-challenge,D,"UmojaHack Africa 2020 (first pan-African edition; internally numbered UmojaHack #3, implying earlier #1/#2 events not yet identified — see gaps). Hotspots Challenge winner: Geoffrey Frost (South Africa; Stellenbosch University) — first fully-named SA UmojaHack winner. Date reported as 21 March (winners page) vs 22 March (recap) — minor discrepancy logged in evidence register.",2026-08-26
E114,UmojaHack Africa (Zindi),Unknown,2023,2023,2023-03-18,2023-03-19,Unknown,Unknown,Unknown,Online,Zindi,Unknown,Unknown,Machine learning (beginner/intermediate/advanced tracks),Unknown,Unknown,Unknown,Unknown,Unknown,https://zindi.africa/competitions/umojahack-africa-2023-beginner-challenge ; https://zindi.africa/competitions/umojahack-africa-2023-advanced-challenge,Unknown,Unknown,https://zindi.africa/competitions/umojahack-africa-2023-beginner-challenge ; https://zindi.africa/competitions/umojahack-africa-2023-advanced-challenge,D,Challenge winners by platform username; country-winners list includes 'South Africa: Olayile' (username). One prize per university rule.,2026-08-26
E115,ZindiWeekendz virtual hackathons (series),Unknown,2020- (consolidated sample),2020,Unknown,Unknown,Unknown,Unknown,Unknown,Online,Zindi,Unknown,Unknown,Weekend data-science sprints (48-60 hours),Unknown,Unknown,Unknown,Unknown,Unknown,https://zindi.africa/learn/meet-the-winners-of-the-zindiweekendz-the-urban-air-pollution-challenge ; https://zindi.africa/learn/meet-the-winners-of-the-zindiweekendz-to-vaccinate-or-not-to-vaccinate-its-not-a-question-challenge ; https://zindi.world/,Unknown,Unknown,https://zindi.africa/learn/meet-the-winners-of-the-zindiweekendz-the-urban-air-pollution-challenge ; https://zindi.africa/learn/meet-the-winners-of-the-zindiweekendz-to-vaccinate-or-not-to-vaccinate-its-not-a-question-challenge ; https://zindi.world/,D,"Consolidated series row: two scanned editions (Urban Air Pollution, Apr 2020, 254 participants; Vaccination sentiment, 2020, 222 participants) had non-SA top-3 winners; full edition list and SA participant extraction pending (platform is JS-loaded; per-competition pages only).",2026-08-26
