Evidence_ID,Person_ID,Event_ID,Claim_Supported,Source_Title,Source_Publisher,Source_URL,Publication_Date,Source_Type,Primary_or_Secondary,Archived_URL,Date_Accessed,Relevant_Excerpt_or_Summary,Evidence_Strength
EV0001,P0001 ; P0002 ; P0003,E009,"Desmond Mongwe of MoWallet awarded R1m; Niel Pieters (Lazy Lizzard) and Percy Lawrence (MoveThisStuff) R350k each; 140 applications, 10 finalists; 100 delegates in Seed Academy acc","moWallet, Lazy Lizzard and MoveThisStuff win #Hack.Jozi Challenge",Innovation Village,https://innovation-village.com/mowallet-lazy-lizzard-and-movethisstuff-win-hack-jozi-challenge/,2015-07,News article,Secondary,Unknown,2026-08-26,"Desmond Mongwe of MoWallet awarded R1m; Niel Pieters (Lazy Lizzard) and Percy Lawrence (MoveThisStuff) R350k each; 140 applications, 10 finalists; 100 delegates in Seed Academy accelerator + technical hackathons",Strong
EV0002,P0001 ; P0002 ; P0003,E009,"Top 10 finalists named: Diepkloof Kasi Hive, MoveThisStuff, i-Tea, MoWallet, Atinov, Ghost, Tirisan Tech Solutions, South African Trade Solutions, Lazy Lizzard, How2Get2; MoWallet ",Hack Jozi Challenge is the real deal,City of Johannesburg (joburg.org.za),https://www.joburg.org.za/media_/Newsroom/Pages/2016%20&%202015%20Articles/hack-jozi-challenge-is-the-real-deal-ID9917.aspx,2015-08-11,Government news,Primary,Unknown,2026-08-26,"Top 10 finalists named: Diepkloof Kasi Hive, MoveThisStuff, i-Tea, MoWallet, Atinov, Ghost, Tirisan Tech Solutions, South African Trade Solutions, Lazy Lizzard, How2Get2; MoWallet R1m 1st; MoveThisStuff 2nd; Lazy Lizzard 3rd (per this source)",Strong
EV0003,P0001 ; P0002 ; P0003,E009,Winner Desmond Mongwe; 1st Runner Up Niel Pieters (Lazy Lizzard); 2nd Runner Up Percy Lawrence (Move This Stuff) — conflicts with joburg.org.za ordering,#HackJozi Challenge winner announced,Tshimologong Precinct (blog),https://tshimologong.wordpress.com/2015/07/10/hackjozi-challenge-winner-announced/,2015-07-10,Organiser blog,Primary,Unknown,2026-08-26,Winner Desmond Mongwe; 1st Runner Up Niel Pieters (Lazy Lizzard); 2nd Runner Up Percy Lawrence (Move This Stuff) — conflicts with joburg.org.za ordering,Strong
EV0004,P0004 ; P0005 ; P0006 ; P0007,E010,2016 winner Technovera (Neo Hutiri) R1m; runners-up Tuta-Me and eSubmit R350k each; 400+ applications; top 10; CoJ + JCSE Wits,E-health startup wins $64k at #Hack.Jozi Challenge,Disrupt Africa,https://disrupt-africa.com/2016/05/23/e-health-startup-wins-64k-at-hack-jozi-challenge/,2016-05-23,News article,Secondary,Unknown,2026-08-26,2016 winner Technovera (Neo Hutiri) R1m; runners-up Tuta-Me and eSubmit R350k each; 400+ applications; top 10; CoJ + JCSE Wits,Strong
EV0005,P0004 ; P0005 ; P0006 ; P0007,E010,"Neo Hutiri R1m; Abed Tau and Dylan Hyslop (Tuta-Me) 2nd; Lomile Mokoka (eSubmit, architect) 3rd",Hack.Jozi winners impress,ITWeb,https://www.itweb.co.za/article/hackjozi-winners-impress/XGxwQDq1rNZvlPVo,2016,News article,Secondary,Unknown,2026-08-26,"Neo Hutiri R1m; Abed Tau and Dylan Hyslop (Tuta-Me) 2nd; Lomile Mokoka (eSubmit, architect) 3rd",Strong
EV0006,P0001 ; P0002,E009,Desmond Mongwe (moWallet founder/CTO) PopApp Deals R1m; Niel Pieters (Lazy Lizzard founder/CEO) Teachinator R350k; 140 participants,Spaza shop discount App wins inaugural Hack.Jozi challenge,Engineering News,https://www.engineeringnews.co.za/print-version/digital-marketing-solution-wins-r1-million-in-hackjozi-challenge-2015-07-24,2015-07-24,News article,Secondary,Unknown,2026-08-26,Desmond Mongwe (moWallet founder/CTO) PopApp Deals R1m; Niel Pieters (Lazy Lizzard founder/CEO) Teachinator R350k; 140 participants,Strong
EV0007,P0008 ; P0009 ; P0010 ; P0011,E015,"GirlCodeHack 2017 (JHB, 70+ women): winners The Rubies (UCT), project Amava; 2nd Grapes; 3rd Techtress (Kgosigadi app)",The Largest All-Female Hackathon In South Africa Concluded With A Trip To Silicon Valley For The Winners,iAfrikan,https://www.iafrikan.com/2017/08/12/girlcode-the-largest-all-female-hackathon-in-south-africa/,2017-08-12,News article,Secondary,Unknown,2026-08-26,"GirlCodeHack 2017 (JHB, 70+ women): winners The Rubies (UCT), project Amava; 2nd Grapes; 3rd Techtress (Kgosigadi app)",Strong
EV0008,P0008 ; P0009 ; P0010 ; P0011,E015,"Rubies team members: Kungela Mzuku, Fadzai Mupfunya, Lorna Nqodi, Valerie Tshiani (UCT); 4th annual #GirlCodeHack, 6 Aug 2017, Johannesburg",UCT students win women-only hackathon,Brand South Africa,https://www.brandsouthafrica.com/investments-immigration/uct-students-win-women-only-hackathon,2017-08-10,News article,Secondary,Unknown,2026-08-26,"Rubies team members: Kungela Mzuku, Fadzai Mupfunya, Lorna Nqodi, Valerie Tshiani (UCT); 4th annual #GirlCodeHack, 6 Aug 2017, Johannesburg",Strong
EV0009,Unknown,E016,"8th edition (Takealot partnership, theme 'Break the bias'): 1st NTV; 2nd Hack-Gen; 3rd Hack Invasion Girls; member names not published",Winners of GirlCode's women-only hackathon named,ITWeb,https://www.itweb.co.za/article/winners-of-girlcodes-women-only-hackathon-named/Gb3BwMW8GOrq2k6V,2022-03-11,News article,Secondary,Unknown,2026-08-26,"8th edition (Takealot partnership, theme 'Break the bias'): 1st NTV; 2nd Hack-Gen; 3rd Hack Invasion Girls; member names not published",Strong
EV0010,Unknown,E017,"11th edition, 30-hour, 8 African cities: city winners incl. TechGurlies (JHB, FinLit GPT), Ndlela (CPT, AI Career Coach), CyberShield Africa (DBN, Rural Cyber App); overall winner ",SA teams recognised at GirlCodeHack 2025,ITWeb,https://www.itweb.co.za/article/sa-teams-recognised-at-girlcodehack-2025/RgeVDvPR9WXMKJN3,2025-10-21,News article,Secondary,Unknown,2026-08-26,"11th edition, 30-hour, 8 African cities: city winners incl. TechGurlies (JHB, FinLit GPT), Ndlela (CPT, AI Career Coach), CyberShield Africa (DBN, Rural Cyber App); overall winner Tokiva Sisters (Tanzania) R100k",Strong
EV0011,Unknown,E096,UmojaHack Africa (Zindi inter-university virtual data hackathon; ~$20k prizes): winners included teams from Stellenbosch University and University of Cape Town (SA) and SUPCOM (Tun,One thousand data scientists join hands across closed borders for UmojaHack Africa,Zindi (Medium),https://zindi.medium.com/one-thousand-data-scientists-join-hands-across-closed-borders-for-umojahack-africa-6edfe56b0452,2021-12-16,Organiser publication,Primary,Unknown,2026-08-26,UmojaHack Africa (Zindi inter-university virtual data hackathon; ~$20k prizes): winners included teams from Stellenbosch University and University of Cape Town (SA) and SUPCOM (Tunisia); challenges incl. SAEON marine classification (SA waters); 164 first-time submitters,Moderate
EV0012,Unknown,E096,"UmojaHack Africa 2021 (27-28 Mar 2021): 1000+ students from 126 universities, 9 countries; challenges: financial resilience, Sendy logistics, InstaDeep DeepChain biology; $10k+ pri",Africa's largest inter-university hackathon brings students together on Zindi,"APO Group (press release, Johannesburg dateline)",https://www.africa-newsroom.com/press/africas-largest-interuniversity-hackathon-brings-students-together-on-zindi-for-data-science-for-good?lang=en,2021-04-08,Organiser press release,Primary,Unknown,2026-08-26,"UmojaHack Africa 2021 (27-28 Mar 2021): 1000+ students from 126 universities, 9 countries; challenges: financial resilience, Sendy logistics, InstaDeep DeepChain biology; $10k+ prizes; winners from 9 African countries",Moderate
EV0013,Unknown,E097,SA GAME JAM — annual national competition sponsored by Free Lives; 2018 edition: R30k prize pool across Student/Hobbyist/Diversity categories + Best Art/Audio/Technical/Narrative +,SA Game Jam 2018,Make Games South Africa (forum),https://makegamessa.com/discussion/5375/sa-game-jam-2018,2018-08-15,Community forum,Participant-generated,Unknown,2026-08-26,SA GAME JAM — annual national competition sponsored by Free Lives; 2018 edition: R30k prize pool across Student/Hobbyist/Diversity categories + Best Art/Audio/Technical/Narrative + Overall R5k; winners announced by 8 October 2018,Moderate
EV0014,P0285 ; P0286 ; P0287 ; P0288 ; P0289 ; P0290 ; P0291 ; P0292 ; P0293 ; P0294 ; P0295 ; P0296,E098,"HackCorruption (Accountability Lab + CIPE + US State Dept INL), July 2022 hybrid event, 100 participants from 6 Southern/East African countries; winning teams to Johannesburg boot ",HackCorruption — South Africa Anti-Corruption Hackathon 2022,Accountability Lab (hackcorruption.org),https://hackcorruption.org/south-africa-hackathon/,2022,Organiser page,Primary,Unknown,2026-08-26,"HackCorruption (Accountability Lab + CIPE + US State Dept INL), July 2022 hybrid event, 100 participants from 6 Southern/East African countries; winning teams to Johannesburg boot camp (Oct 2022): Team 3 (Amon Peter, Baptista Joao, Farida Junior Kyababa, Linda McLeod, Saudai Sapi); Team 7 (Kunda Sakala, Nathan Chisanga, Nkina Ramonyai, Samuel Wakumelo); Team 14 (Eliud Luutsa, Maria Kauhondamwa, Matilda Mwendwa Gitonga, Wilbard Kangwiya, Baptiste Nardone); Team 22 (Angelic Mokoena, Lerato Tlhako, Lethabo Makopo — 'Digital Citizenship to Constrain Corruption')",Strong
EV0015,Unknown,E099,"Tech4Africa Johannesburg 2015: '12 tracks, 4 event days including a Hackathon and a Startup Day' (8-11 Oct 2015 window); hackathon winners not identified in directory",Tech4Africa Johannesburg 2015 — schedule & directory,Tech4Africa (sched.com),https://t4a2015.sched.com/2015-10-08/list/descriptions/,2015-10-08,Event directory,Primary,Unknown,2026-08-26,"Tech4Africa Johannesburg 2015: '12 tracks, 4 event days including a Hackathon and a Startup Day' (8-11 Oct 2015 window); hackathon winners not identified in directory",Moderate
EV0016,P0302 ; P0303 ; P0304 ; P0305 ; P0306 ; P0307 ; P0308 ; P0309 ; P0310 ; P0311 ; P0312 ; P0313,E100,"G20 Tourism Hackathon: UJ students Teagon Spykerman (The Catalysts, 1st, Hologram Hub, R175k) and Inganathi Zimela (Map My Biz, 2nd, R140k); 46 young people from 21 universities; A",UJ students scoop top two places in G20 tourism challenge using AI,TimesLIVE,https://www.timeslive.co.za/news/south-africa/2025-10-08-uj-students-scoop-top-two-places-in-g20-tourism-challenge-using-ai/,2025-10-08,News article,Secondary,Unknown,2026-08-26,"G20 Tourism Hackathon: UJ students Teagon Spykerman (The Catalysts, 1st, Hologram Hub, R175k) and Inganathi Zimela (Map My Biz, 2nd, R140k); 46 young people from 21 universities; AI for job creation/sustainable tourism",Strong
EV0017,P0302 ; P0303 ; P0304 ; P0305 ; P0306 ; P0307 ; P0308 ; P0309,E100,"Inaugural G20 Tourism Hackathon launched June 2025 by Minister Patricia de Lille at University of the Western Cape; 46-48 youth, 21 institutions. 1st The Catalysts — R175k — member",South African youth enthral at the Inaugural G20 Tourism Hackathon challenge,Department of Tourism (gov.za),https://www.tourism.gov.za/AboutNDT/Branches1/domestic/News/Pages/South_African_youth_enthral_at_the_Inaugural_G20_Tourism_Hackathon_challenge.aspx,2025,Government news,Primary,Unknown,2026-08-26,"Inaugural G20 Tourism Hackathon launched June 2025 by Minister Patricia de Lille at University of the Western Cape; 46-48 youth, 21 institutions. 1st The Catalysts — R175k — members + institutions: Teagon Spykerman (UJ), Zinhle Methula (DUT), Innocentia Bongiwe Nkosi (University of Mpumalanga), Matshidiso Ralekholela (Independent Institute of Education), Morongwa Manamela (University of Pretoria), Tebogo Selepe (Vaal University of Technology), Khanyisa Mokgolobotho (Sefako Makgatho); 2nd Map My Biz R140k; 3rd Ubuntu Unlimited R105k; 4th-7th R35k per group",Strong
EV0018,P0272 ; P0273 ; P0274 ; P0275 ; P0276 ; P0277 ; P0278 ; P0279,E092,"PAICTA × UJ Technopreneurship Centre virtual Hackathon Challenge: 1st Young Innovator's Tech — Daun Ramulongo, Saad Rahman, Lesego Legodi, Tshegofatso Motshwane, Peter Maphalla (R8",Hackathon Challenge Success!,University of Johannesburg,https://news.uj.ac.za/news/hackathon-challenge-success-2/,2020-11/12 (repost 2023-05-30),University news,Primary,Unknown,2026-08-26,"PAICTA × UJ Technopreneurship Centre virtual Hackathon Challenge: 1st Young Innovator's Tech — Daun Ramulongo, Saad Rahman, Lesego Legodi, Tshegofatso Motshwane, Peter Maphalla (R85k value); 2nd Green Hacklethes led by Yoosef Haffejee (R66k); 3rd Easy_Just led by Tinashe Makamure (R45k); Best Female Hacker Charity Ruvurashe Chichichi; Rising Star Makamure; GeekHack Star Haffejee (UJ students)",Strong
EV0019,P0272 ; P0273 ; P0274 ; P0275 ; P0276,E092,"Corroborates PAICTA/UJ virtual hackathon: Young Innovators Tech win (agri app), R85k, UJ Technopreneurship development pipeline; mentors from CISCO, FNB, BMW, HERE Technologies, CS",Hackathon showcases innovators of the future,ITWeb,https://www.itweb.co.za/article/hackathon-showcases-innovators-of-the-future/KWEBbvyZGVb7mRjO,2020-12-02,News article,Secondary,Unknown,2026-08-26,"Corroborates PAICTA/UJ virtual hackathon: Young Innovators Tech win (agri app), R85k, UJ Technopreneurship development pipeline; mentors from CISCO, FNB, BMW, HERE Technologies, CSIR, Geekulcha, NMU etc.",Strong
EV0020,Unknown,E013,"DWS Hack4Water exhibition (two-day, 21-22 Apr 2016): ICT app challenge winners to be announced 22 April 2016; app winner names not stated in release",Water and Sanitation on Hack4Water exhibition,SA Government (gov.za),https://www.gov.za/speeches/dwss-hack4water-exhibition-brings-out-best-sas-hackers-22-apr-2016-0000,2016-04-22,Government news,Primary,Unknown,2026-08-26,"DWS Hack4Water exhibition (two-day, 21-22 Apr 2016): ICT app challenge winners to be announced 22 April 2016; app winner names not stated in release",Moderate
EV0021,Unknown,E017,"Continental standings: 1st Tokiva Sisters (TZ), 2nd Tech Gullies (SA), 3rd Code Forces (UG); 'Tech Gullies' vs ITWeb 'TechGurlies' spelling variant",Makerere University's Code Forces Triumph at the 2025 Absa GirlCode Hackathon,PC Tech Magazine,https://pctechmag.com/2025/10/makerere-university-triumph-at-the-2025-absa-girlcode-hackathon/,2025-10-21,News article,Secondary,Unknown,2026-08-26,"Continental standings: 1st Tokiva Sisters (TZ), 2nd Tech Gullies (SA), 3rd Code Forces (UG); 'Tech Gullies' vs ITWeb 'TechGurlies' spelling variant",Moderate
EV0022,P0310 ; P0311 ; P0312 ; P0313 ; P0314 ; P0315 ; P0316 ; P0317 ; P0318 ; P0319 ; P0320 ; P0321,Unknown,"Full page fetch: finals at Sabi River Sun Resort, Sabie River valley, Mpumalanga, 10-11 Sep 2025; youth from 9 provinces; launched Jun 2025 at UWC with Future Leaders Challenge; in",South African youth enthral at the Inaugural G20 Tourism Hackathon challenge (full page),Department of Tourism (gov.za),https://www.tourism.gov.za/AboutNDT/Branches1/domestic/News/Pages/South_African_youth_enthral_at_the_Inaugural_G20_Tourism_Hackathon_challenge.aspx,2025-09-12,Government news,Primary,Unknown,2026-08-26,"Full page fetch: finals at Sabi River Sun Resort, Sabie River valley, Mpumalanga, 10-11 Sep 2025; youth from 9 provinces; launched Jun 2025 at UWC with Future Leaders Challenge; in collaboration with Centre for Public Service Innovation and Geekulcha; top-3 presented at G20 Ministers' Meeting, Skukuza. FULL ROSTERS: The Catalysts (7); Map My Biz — Tshepiso Lebyane (UniVen), Inga Zamela (UJ), Janet De Graaf (International Hotel School), Lindelani Buhlenkosi Khunou (CPUT), Moses Mosuenyane (NWU), Kabelo Selopyane (TUT); Ubuntu Unlimited — Hishaam Langson (NMU), Thelma Makoma Rasekele (UNISA), Skhanyiso Dlamini (UNIZULU), Roos Moors (Eduvos), Mathapelo Ngubeni (CUT), Keotshepile Modise (SPU), Vusi Matlou (Eduvos)",Strong
EV0023,Unknown,E101 ; E102,#SS20Hack: 'fourth annual instalment' of ITWeb Security Summit hackathon with Geekulcha; online 24-27 Aug 2020; theme: solutions for a post-COVID world ('hack the virus'); prizes R,Virtual ITWeb Security Summit: seven keynotes / 'Hacking the virus',ITWeb,https://itweb.africa/article/hacking-the-virus-at-itwebs-security-summit/rxP3jMBmNoR7A2ye,2020-08-18,News article,Secondary,Unknown,2026-08-26,#SS20Hack: 'fourth annual instalment' of ITWeb Security Summit hackathon with Geekulcha; online 24-27 Aug 2020; theme: solutions for a post-COVID world ('hack the virus'); prizes R20k/R10k/R5k; Snode learnerships x4; Northern Cape leg led by NC Provincial Government (DEDAT) and Sol Plaatje University,Strong
EV0024,Unknown,E110,36-hour hackathon at TUT campus (July 2015): 15 Geekulcha VacWork high-school learners participated (YSEN vouchers); Best Presenter among learners; winning campus-improvement solut,A Weekend of Code at Tshwane University of Technology Campus,Nunn Innovation,https://www.nunnovation.com/2015/07/29/a-weekend-of-code-at-tshwane-university-of-technology-campus/,2015-07-29,Community media,Secondary,Unknown,2026-08-26,"36-hour hackathon at TUT campus (July 2015): 15 Geekulcha VacWork high-school learners participated (YSEN vouchers); Best Presenter among learners; winning campus-improvement solutions selected; prizes from Geekulcha, Microsoft and Intel; winner names not published",Moderate
EV0025,Unknown,E109,"Geekulcha VacWork editions: Tshwane Jul 2014 (first, mLab at Innovation Hub); Tshwane Mar 2015; Siyabuswa (Mpumalanga) Jul 2015 (60 learners); Tshwane Oct 2015 (mixed with Tech4Afr",The Work of Geekulcha (portfolio),Geekulcha (geekulcha.dev / gklink.co),https://www.geekulcha.dev/the-work?category=VacWork,2026 (portfolio),Organiser portfolio,Primary,Unknown,2026-08-26,"Geekulcha VacWork editions: Tshwane Jul 2014 (first, mLab at Innovation Hub); Tshwane Mar 2015; Siyabuswa (Mpumalanga) Jul 2015 (60 learners); Tshwane Oct 2015 (mixed with Tech4Africa); Johannesburg Mar 2016 (nanosatellites/healthcare); Giyani (Limpopo) May 2016; Tshwane Jul 2016; Soweto Dec 2016 ('Kasi App Lovers' voted best team at the second annual VacWork, Empowerment Zone). Programme-embedded competitive build challenges",Moderate
EV0026,P0347,E103 ; E104 ; E105,"28-30 Sep 2018, UJ Kingsway Campus, Auckland Park, Johannesburg; DPSA + CPSI; with UJ, Geekulcha, Open Data SA; NDP-linked; 420 participants (200 cap); R306,000 prizes; two-round j",Service Delivery Ignite Hackathon (#IgniteHack) — Devpost,Devpost,https://ignitehack.devpost.com/,2018,Competition platform,Primary,Unknown,2026-08-26,"28-30 Sep 2018, UJ Kingsway Campus, Auckland Park, Johannesburg; DPSA + CPSI; with UJ, Geekulcha, Open Data SA; NDP-linked; 420 participants (200 cap); R306,000 prizes; two-round judging (Top 10 -> Top 3); prizes incl. Most Secure Solution, Best Female Star, Ultimate GeekStar, Best Presenter, post-hack support (5 teams); build-up events: Medical Hackathon Limpopo 17-18 Aug 2018; Northern Cape Provincial Hackathon in De Aar; OpenCampus at SPU/TUT Soshanguve/Pearson/TUT eMalahleni/UMP; winners on project-gallery page (extraction pending)",Strong
EV0027,Unknown,E106,"22 Nov 2024 - 9 Feb 2025; Johannesburg, South Africa (virtual+in-person per origin); Upanzi Network (CMU-Africa) + MicroSave Consulting; $10,000 prizes; Grand Prize + 1st Runner-up",Digital ID Hackathon — Southern Africa — Devpost,Devpost,https://hackid-southernafrica.devpost.com/,2024-2025,Competition platform,Primary,Unknown,2026-08-26,"22 Nov 2024 - 9 Feb 2025; Johannesburg, South Africa (virtual+in-person per origin); Upanzi Network (CMU-Africa) + MicroSave Consulting; $10,000 prizes; Grand Prize + 1st Runner-up (laptops, CMU-Africa Industry Innovation Lab pre-incubation, ID4Africa 2025 Addis Ababa, paid Upanzi internships); 101 participants; regional winners not listed on landing page",Moderate
EV0028,Unknown,E106,Digital ID Hackathon Africa: four regional hackathons (Southern Africa regional hosted with Johannesburg listing); top two teams per region won prizes; overall grand prize at ID4Af,Forging the pan-African future of digital identity,CMU-Africa (Carnegie Mellon),https://www.africa.engineering.cmu.edu/news/2025/06/13-digital-id.html,2025-06-13,University news,Primary,Unknown,2026-08-26,"Digital ID Hackathon Africa: four regional hackathons (Southern Africa regional hosted with Johannesburg listing); top two teams per region won prizes; overall grand prize at ID4Africa AGM: Team Retro (Senegal); runner-up SmartTRAIS (CMU-Africa students, Rwanda); Southern Africa regional winning team names not stated in article",Moderate
EV0029,Unknown,E111,"UmojaHack Africa 2022 (Sun 20 Mar 2022, virtual) winners by Zindi username — Advanced (snake antivenom): 1 ASSAZZIN, 2 mo5mami, 3 DanielBruintjies; Intermediate (insurance claims):",UmojaHack Africa 2022 — challenge winner leaderboards,Zindi,https://zindi.africa/competitions/umojahack-africa-2022-advanced-challenge,2022-03-20,Competition platform,Primary,Unknown,2026-08-26,"UmojaHack Africa 2022 (Sun 20 Mar 2022, virtual) winners by Zindi username — Advanced (snake antivenom): 1 ASSAZZIN, 2 mo5mami, 3 DanielBruintjies; Intermediate (insurance claims): 1 Lawrence_Moruye, 2 Team Solo, 3 Enemy of Syntax; Beginner (air-quality sensors): 1 Mdda, 2 Pynux, + HACK-DATA (Côte d'Ivoire), heritianadanielina (Madagascar). Platform usernames — real identities not published on page (pseudonym rule applies)",Moderate
EV0030,Unknown,E107,"ETHCapeTown (Cape Town; ETHGlobal-affiliated community hackathon): author's team built 'dTok', selected as a hackathon winner by ETHGlobal plus sponsor prizes (Raiden, MakerDAO, Nu",ETHCapeTown Hackathon Recap (dTok),Stake Capital (Medium),https://medium.com/stakecapital/ethcapetown-hackathon-winners-168520fdefec,2019-06-05,Participant-generated,Participant-generated,Unknown,2026-08-26,"ETHCapeTown (Cape Town; ETHGlobal-affiliated community hackathon): author's team built 'dTok', selected as a hackathon winner by ETHGlobal plus sponsor prizes (Raiden, MakerDAO, NuCypher); ~30 beds for hackers; author's name not stated in excerpt",Moderate
EV0031,Unknown,E108,"SA Game Jam 2022 (November): Overall Winner R20,000; Student R10k; Hobbyist R10k; Diversity R10k; Best Art/Audio/Technical Excellence/Narrative/Physics R5k each",SA Game Jam set to return in November,Games Industry Africa,https://gamesindustryafrica.com/2022/10/23/sa-game-jam-set-to-return-in-november/,2022-10-23,Industry media,Secondary,Unknown,2026-08-26,"SA Game Jam 2022 (November): Overall Winner R20,000; Student R10k; Hobbyist R10k; Diversity R10k; Best Art/Audio/Technical Excellence/Narrative/Physics R5k each",Moderate
EV0032,P0012 ; P0013 ; P0014 ; P0015 ; P0016 ; P0017 ; P0256 ; P0257,E018,"Finals at rAge Expo 7 Oct: 1 Ryan Louw (Colonel Panic, C#, R70k); 2 Dion van Huyssteen R35k; 3 Anesu Jairosi R25k; 4 Jaco Mostert R25k; 5 Willie Theron R10k; 6 Wynand Wolmarans R10",Ryan Louw wins 2017 Entelect Challenge,Entelect,https://entelect.co.za/ryan-louw-wins-2017-entelect-challenge/,2017-10-06,Organiser announcement,Primary,Unknown,2026-08-26,"Finals at rAge Expo 7 Oct: 1 Ryan Louw (Colonel Panic, C#, R70k); 2 Dion van Huyssteen R35k; 3 Anesu Jairosi R25k; 4 Jaco Mostert R25k; 5 Willie Theron R10k; 6 Wynand Wolmarans R10k; Battleships-based game, six months of play",Strong
EV0033,P0016,E021,2023 finals full order: 1 Purpose Katakwa R70k; 2 Kobus van Schoor R35k; 3 Anesu Jairosi R25k; 4 Willie Theron R25k (extends Phase-1 record which listed only top 3),The Winners of the 2023 Entelect Challenge Walk Away with R200 000 at Comic Con Africa,MyBroadband,https://mybroadband.co.za/news/industrynews/511140-the-winners-of-the-2023-entelect-challenge-walk-away-with-r200-000-at-comic-con-africa.html,2023-10-11,News article,Secondary,Unknown,2026-08-26,2023 finals full order: 1 Purpose Katakwa R70k; 2 Kobus van Schoor R35k; 3 Anesu Jairosi R25k; 4 Willie Theron R25k (extends Phase-1 record which listed only top 3),Strong
EV0034,Unknown,Unknown,CV states 'Entelect Challenge 2022: 1st Place' and 'Winning AI Bot (Entelect Challenge)' — independent participant-side corroboration of the organiser-recorded 2022 championship; e,Kobus van Schoor — CV (personal site),kobusvs.co.za (self-published CV),https://kobusvs.co.za/files/Kobus%20van%20Schoor%20-%20Resume.pdf,2026 (CV),Public professional profile,Participant-generated,Unknown,2026-08-26,CV states 'Entelect Challenge 2022: 1st Place' and 'Winning AI Bot (Entelect Challenge)' — independent participant-side corroboration of the organiser-recorded 2022 championship; establishes personal professional website,Moderate (corroborating)
EV0035,Unknown,E010,Independent corroboration of Hack.Jozi 2016 results (Hutiri/Technovera top spot; 10 finalists) — §27 winner re-verification pass,E-health startup wins $64k at #Hack.Jozi Challenge,Bizcommunity,https://www.bizcommunity.com/Article/196/708/145132.html,2016-05-23,News article,Secondary,Unknown,2026-08-26,Independent corroboration of Hack.Jozi 2016 results (Hutiri/Technovera top spot; 10 finalists) — §27 winner re-verification pass,Moderate
EV0036,Unknown,E102,"Security Summit hackathon 'now in its seventh year' (2023), curated by ITWeb in partnership with Geekulcha, 6-7 June 2023 Sandton Convention Centre — consistent with #SS20Hack 'fou",IDEMIA North America LinkedIn post (Security Summit hackathon),IDEMIA (LinkedIn),https://www.linkedin.com/posts/idemia-north-america_employeespotlight-weareidemia-lovewhereyouwork-activity-7087891472527605761-YG4B,2023-07-20,Partner social post,Secondary,Unknown,2026-08-26,"Security Summit hackathon 'now in its seventh year' (2023), curated by ITWeb in partnership with Geekulcha, 6-7 June 2023 Sandton Convention Centre — consistent with #SS20Hack 'fourth annual' (2020): series began 2017 with editions through 2023 incl. 2021",Weak (contextual)
EV0037,P0028 ; P0029 ; P0030 ; P0031 ; P0032 ; P0033 ; P0034 ; P0035 ; P0036 ; P0037 ; P0038 ; P0039,E012,"FULL PARTICIPANT RECOVERY (resolves C07/G025): hackathons held 1-2 April 2016 in Cape Town ({code}bridge), Durban (The Green Door) and Pretoria (The Innovation Hub); challenge dead","{code}bridge — Hack4Water hackathons (Wayback Machine snapshot, identity render)",{code}bridge via web.archive.org,http://web.archive.org/web/20190907072855id_/http://www.codebridge.co.za:80/allevents/hack4water-hackathons.html,2016 (snapshot 2019-09-07),Organiser page (archived),Primary,Unknown,2026-08-26,"FULL PARTICIPANT RECOVERY (resolves C07/G025): hackathons held 1-2 April 2016 in Cape Town ({code}bridge), Durban (The Green Door) and Pretoria (The Innovation Hub); challenge deadline 20 April; focus areas listed. Teams: Cape Town — Water Impacters (Yolanda, Chelsea Lewis, Adi Eyal, Raymond Joseph); The Source (Lindokuhle Sixabayi, Malyke, Charney Essack, Ashton Maherry, Rosalind Skelton, Shabier Jacobs, Wendy Samsodien); Water Apocalypse (Liesl Pretorius, Bobby Dean, Safiyyah Jacobs, Azraa Vally, Tracy-Anne Sikenjana); Wataware (Charles Rerhman, Bernelle Verster, Gordon, Laban Bagui, JD Bothma, Hendrik Schalekamp). Durban — Water Wardens (Heiko Heilgendorff, Bruce Page, Thuthukani Nxumalo, Johanna Singh, James Smith); Fix It (Justus Caspers, Sandile Nkomonde, Max Grau, Wiseman Mkhwanazi, Avanti Maharaj, James Smith); Power Shower (Sibusiso Mhlongo, Matthew Adendorff, Tricia Govindasamy); other participants (8 named). Pretoria — 21 names incl. Mpfumeri Baloyi, Jonathan Mayunga, Wishes",Strong
EV0038,Unknown,E112,"GirlCodeHack 2024 (10th annual, first pan-African): 31 Aug-1 Sep 2024 at MTN Group Headquarters; 10+ African cities; SDG theme; top-3 teams named as teams — PrincessCare (menstrual",GirlCode's first pan-African Hackathon tackles global pressing issues,ITWeb,https://www.itweb.co.za/article/girlcodes-first-pan-african-hackathon-tackles-global-pressing-issues/rW1xL75nYzPMRk6m,2024-09-05,News article,Secondary,Unknown,2026-08-26,"GirlCodeHack 2024 (10th annual, first pan-African): 31 Aug-1 Sep 2024 at MTN Group Headquarters; 10+ African cities; SDG theme; top-3 teams named as teams — PrincessCare (menstrual health buy-one-give-one), Binary Brains 1 (farm-produce web app), Hackers Squad (SDG 4 education); overall winner (trip to America) not stated in article; supporter Vuma; founder-CEO Zandile Mkwanazi (organiser, excluded from contestant records)",Strong
EV0039,P0346,E113,"UmojaHack Africa #1: Saturday 22 March 2020; 1000 students from 56 universities in 15 African countries; ~$20k prizes (Microsoft, African Bank, Google AI, GIZ, Liquid Telecom, Inst",Looking back at UmojaHack 2020,Zindi (umojahack.africa),https://umojahack.africa/2021/03/01/umojahack-2020-one-thousand-data-scientists-join-hands-across-closed-borders/,2021-03-01,Organiser publication,Primary,Unknown,2026-08-26,"UmojaHack Africa #1: Saturday 22 March 2020; 1000 students from 56 universities in 15 African countries; ~$20k prizes (Microsoft, African Bank, Google AI, GIZ, Liquid Telecom, InstaDeep et al.); winners from Stellenbosch University and University of Cape Town (SA) and SUPCOM (Tunisia) — individual names not published",Moderate
EV0040,Unknown,Unknown,"Desmond Mongwe: Java developer of 12 years; photo caption confirms MoWallet winner, Pieters runner-up; awards at Wits University 8 July 2015",GALLERY: Meet the Hack Jozi Winners,Citizen (Northcliff Melville Times),https://www.citizen.co.za/northcliff-melville-times/202513/meet-the-hack-jozi-winners/,2015-07-09,News article,Secondary,Unknown,2026-08-26,"Desmond Mongwe: Java developer of 12 years; photo caption confirms MoWallet winner, Pieters runner-up; awards at Wits University 8 July 2015",Moderate
EV0041,Unknown,E115,"zindi.world is the live Zindi platform: 100,000+ AI builders from 185+ countries, 590+ AI challenges, $1M+ prizes awarded; partners incl. Microsoft, Google, AWS, Google DeepMind, I",Zindi platform scan — landing + competitions index,Zindi (zindi.world),https://zindi.world/,2026-08-26 (scan),Competition platform,Primary,Unknown,2026-08-26,"zindi.world is the live Zindi platform: 100,000+ AI builders from 185+ countries, 590+ AI challenges, $1M+ prizes awarded; partners incl. Microsoft, Google, AWS, Google DeepMind, ITU. The /competitions index is JavaScript-loaded (no static enumeration); extraction done per competition page. Zindi runs hackathon formats: UmojaHack series and #ZindiWeekendz weekend sprints",Contextual
EV0042,Unknown,E115,"#ZindiWeekendz Urban Air Pollution (60-hour virtual hackathon, Apr 2020): 254 data scientists; winners 1st devnikhilmishra (India), 2nd Team Covidata (Tunisia), 3rd Klai (Tunisia) ",Meet the winners of the #ZindiWeekendz Urban Air Pollution Challenge,Zindi,https://zindi.africa/learn/meet-the-winners-of-the-zindiweekendz-the-urban-air-pollution-challenge,2020-06-25,Organiser publication,Primary,Unknown,2026-08-26,"#ZindiWeekendz Urban Air Pollution (60-hour virtual hackathon, Apr 2020): 254 data scientists; winners 1st devnikhilmishra (India), 2nd Team Covidata (Tunisia), 3rd Klai (Tunisia) — no SA winners in top 3; re-opened as knowledge competition",Moderate
EV0043,P0016 ; P0019 ; P0020,E020,Finals at Comic Con Africa: champion Kobus van Schoor; Willie Theron 2nd; Tian Cilliers 3rd; top 8,Entelect LinkedIn post: 2022 Entelect Challenge finals,Entelect (LinkedIn),https://za.linkedin.com/posts/entelect_entelectchallenge-coding-competition-activity-6980752619631726592-YSb8,2022-09-28,Organiser social post,Primary,Unknown,2026-08-26,Finals at Comic Con Africa: champion Kobus van Schoor; Willie Theron 2nd; Tian Cilliers 3rd; top 8,Moderate
EV0044,Unknown,E115,"#ZindiWeekendz vaccination-sentiment challenge (60-hour virtual hackathon, 2020): 222 data scientists; winners 1st devnikhilmishra (India), 2nd Muhamed_Tuo (Côte d'Ivoire), 3rd Raj",Meet the winners of the #ZindiWeekendz To Vaccinate or Not to Vaccinate challenge,Zindi,https://zindi.africa/learn/meet-the-winners-of-the-zindiweekendz-to-vaccinate-or-not-to-vaccinate-its-not-a-question-challenge,2020,Organiser publication,Primary,Unknown,2026-08-26,"#ZindiWeekendz vaccination-sentiment challenge (60-hour virtual hackathon, 2020): 222 data scientists; winners 1st devnikhilmishra (India), 2nd Muhamed_Tuo (Côte d'Ivoire), 3rd Rajat_Ranjan (India) — no SA winners in top 3",Moderate
EV0045,Unknown,E114,"UmojaHack Africa 2023 (18-19 Mar 2023): BEGINNER winners 1 Koleshjr, 2 Team Chocolatine, 3 Jamali_Adam (platform usernames); one-prize-per-university rule; teams up to 4 from same ",UmojaHack Africa 2023: CO2 Prediction (BEGINNER) — winners,Zindi,https://zindi.africa/competitions/umojahack-africa-2023-beginner-challenge,2023-03-19,Competition platform,Primary,Unknown,2026-08-26,"UmojaHack Africa 2023 (18-19 Mar 2023): BEGINNER winners 1 Koleshjr, 2 Team Chocolatine, 3 Jamali_Adam (platform usernames); one-prize-per-university rule; teams up to 4 from same institution",Moderate
EV0046,Unknown,E114,"ADVANCED winners 1 Team TheSun/Nebu/Azzo, 2 Team PAYASS.io, 3 Team Pro Crusty Nation; INTERMEDIATE winners 1 Team DSTune, 2 Team Solo, 3 Team Chat_PPT. Country winners list include",UmojaHack Africa 2023: Rubik's Cube RL (ADVANCED) — winners + country list,Zindi,https://zindi.africa/competitions/umojahack-africa-2023-advanced-challenge,2023-03-19,Competition platform,Primary,Unknown,2026-08-26,"ADVANCED winners 1 Team TheSun/Nebu/Azzo, 2 Team PAYASS.io, 3 Team Pro Crusty Nation; INTERMEDIATE winners 1 Team DSTune, 2 Team Solo, 3 Team Chat_PPT. Country winners list includes 'South Africa: Olayile' (platform username — real identity not published; pseudonym rule applies)",Moderate
EV0047,Unknown,Unknown,UmojaHack Africa 2022 winner identified as Victor Olufemi (handle 'Professor'); interned with AirQo (UHA22 data sponsor) post-win. Nationality/SA-connection not stated — not inferr,'Collaboration and networking at Zindi events is more powerful than prize money' — 2022 winner Victor Olufemi,Zindi (Medium),https://zindi.medium.com/collaboration-and-networking-at-zindi-events-is-more-powerful-than-prize-money-c2028d19572c,2023-03-16,Organiser publication,Primary,Unknown,2026-08-26,UmojaHack Africa 2022 winner identified as Victor Olufemi (handle 'Professor'); interned with AirQo (UHA22 data sponsor) post-win. Nationality/SA-connection not stated — not inferred,Moderate
EV0048,P0346,E113,"UmojaHack #3 (UmojaHack Africa, 21 March 2020 per this page): Hotspots Challenge — 624 entrants; 1st GFrost = Geoffrey Frost, FROM SOUTH AFRICA, final-year Electrical & Electronic ",Meet the winners of UmojaHack #3: Hotspots Challenge,Zindi,https://zindi.africa/learn/meet-the-winners-of-umojahack-3-hotspots-challenge,2020,Organiser publication,Primary,Unknown,2026-08-26,"UmojaHack #3 (UmojaHack Africa, 21 March 2020 per this page): Hotspots Challenge — 624 entrants; 1st GFrost = Geoffrey Frost, FROM SOUTH AFRICA, final-year Electrical & Electronic Engineering student at Stellenbosch University (self-stated on Zindi profile context); 2nd Lawrence Moruye (Kenya); 3rd Brainiac (Kenya). NOTE: this page dates the event 21 March; the UmojaHack 2020 recap says 22 March (minor discrepancy logged)",Strong
EV0049,P0347,E103,DeepHealth (end-to-end health management system; Django/Kotlin/TensorFlow/POPI-aware) started by Devpost user Mabu Manaileng ('started this project'). Page shows 4 likes — likes ar,DeepHealth — Devpost project page (#IgniteHack 2018 submission),Devpost,https://devpost.com/software/deephealth,2018,Competition platform,Primary,Unknown,2026-08-26,DeepHealth (end-to-end health management system; Django/Kotlin/TensorFlow/POPI-aware) started by Devpost user Mabu Manaileng ('started this project'). Page shows 4 likes — likes are NOT treated as team membership per census rules. No winner badge on page,Moderate
EV0050,Unknown,E019,Confirms 2019 Entelect Challenge game was 'Worms (or a strange mutation thereof)' and finals hosted at Comic Con Africa 2019; no finalist names in article,Comic Con Africa 2019 — Entelect Challenge finals coverage,KeenGamer,https://www.keengamer.com/articles/features/reportages/comic-con-africa-2019/,2019-12-10 (published),Sector media,Secondary,Unknown,2026-08-26,Confirms 2019 Entelect Challenge game was 'Worms (or a strange mutation thereof)' and finals hosted at Comic Con Africa 2019; no finalist names in article,Weak (contextual)
EV0051,P0014 ; P0016 ; P0019 ; P0021,E021,"2023 game Cy-Fi; 1st Purpose Katakwa (bot mari.ai, R70k); 2nd Kobus van Schoor; 3rd Anesu Jairosi; 8 finalists; 'now in its 11th year'",Entelect Challenge 2023: Finals at Comic-Con Africa,Entelect (culture.entelect.co.za),https://culture.entelect.co.za/stories/entelect-challenge-2023-finals-at-comic-con-africa/,2023-12-05,Organiser announcement,Primary,Unknown,2026-08-26,"2023 game Cy-Fi; 1st Purpose Katakwa (bot mari.ai, R70k); 2nd Kobus van Schoor; 3rd Anesu Jairosi; 8 finalists; 'now in its 11th year'",Strong
EV0052,P0016 ; P0019 ; P0022 ; P0023 ; P0024 ; P0025 ; P0026 ; P0027,E022,1 Willie Theron R70k; 2 Riaan Nel R35k; 3 Marvin Thobejane R25k; 4 Jesse Bristow; 5 Kobus Van Schoor; 6 Scott Schultz; 7 Jean-Paul De Conceicao; 8 Aneso Jairosi; game Sproutopia; ',2024 Entelect challenge finals: South Africa's top coders battle it out at Comic Con Africa,MyBroadband,https://mybroadband.co.za/news/industrynews/564860-2024-entelect-challenge-finals-south-africas-top-coders-battle-it-out-at-comic-con-africa.html,2024-10-11,News article,Secondary,Unknown,2026-08-26,1 Willie Theron R70k; 2 Riaan Nel R35k; 3 Marvin Thobejane R25k; 4 Jesse Bristow; 5 Kobus Van Schoor; 6 Scott Schultz; 7 Jean-Paul De Conceicao; 8 Aneso Jairosi; game Sproutopia; '13th year',Strong
EV0053,P0018,E019,"Author's bot MrLavaLava placed 3rd in 2019 Entelect Challenge (finals Comic Con Africa, top 8 share R200k); author's real name not stated on page",Entelect challenge 2019 (personal blog),japeyjapes (WordPress),https://japeyjapes.wordpress.com/2019/09/24/entelect-challenge-2019/,2019-09-24,Participant blog,Participant-generated,Unknown,2026-08-26,"Author's bot MrLavaLava placed 3rd in 2019 Entelect Challenge (finals Comic Con Africa, top 8 share R200k); author's real name not stated on page",Moderate
EV0054,P0028 ; P0029 ; P0030 ; P0031 ; P0032 ; P0033 ; P0034 ; P0035 ; P0036 ; P0037 ; P0038 ; P0039,E012,"Named participants for Cape Town (Codebridge), Durban (The Green Door) and Pretoria (Innovation Hub) Hack4Water hackathons; teams incl. Fix It. NOTE: page captured via search snaps",{code}bridge — Hack4Water hackathons (participant lists),{code}bridge / Code for South Africa,https://www.codebridge.co.za/allevents/hack4water-hack4water-hackathons.html,2016,Organiser page,Primary,Unknown,2026-08-26,"Named participants for Cape Town (Codebridge), Durban (The Green Door) and Pretoria (Innovation Hub) Hack4Water hackathons; teams incl. Fix It. NOTE: page captured via search snapshot 2026-08-26 (direct fetch failed; URL as indexed may differ — re-verify)",Moderate
EV0055,Unknown,E012 ; E013,Cape Town hackathon weekend part of nationwide Hack4Water challenge with Dept of Water & Sanitation + Open Government Partnership,Hack4Water Hackathon,Code for South Africa (code4sa.org),https://code4sa.org/2016/04/04/hack4water-hackathon.html,2016-04-04,Organiser blog,Primary,Unknown,2026-08-26,Cape Town hackathon weekend part of nationwide Hack4Water challenge with Dept of Water & Sanitation + Open Government Partnership,Moderate
EV0056,P0069 ; P0070 ; P0071 ; P0072 ; P0073 ; P0074,E008,"Top 3: 1 Geekulcha electronics app; 2 UNISA MyCampus Buildings; 3 P-STEM portal. Awards: Kutlwano Kemisho (best female hacker), Josiah Masango (best hacking spirit), Lehlogonolo Sa",RHoK Pretoria 2014 — Hacking for Humanity,mLab,https://mlab.co.za/news/rhok-pretoria-2014-hacking-for-humanity/,2014,Organiser blog,Primary,Unknown,2026-08-26,"Top 3: 1 Geekulcha electronics app; 2 UNISA MyCampus Buildings; 3 P-STEM portal. Awards: Kutlwano Kemisho (best female hacker), Josiah Masango (best hacking spirit), Lehlogonolo Sathekge (best social media), Desiree Mampane (best tweet), Diamond Mubaraack, Joao Nzango (GeekStar)",Strong
EV0057,Unknown,E003,"RHoK Johannesburg 30 Nov–1 Dec 2013 at ThoughtWorks, 17 Melle St, Braamfontein; organiser thread mentions Andreas Pauley; RHoK Pretoria same weekend",Random Hacks of Kindness — Johannesburg / Pretoria (Google Group thread),lambda-luminaries (Google Groups),https://groups.google.com/g/lambda-luminaries/c/t6sthhWGUzg,2013,Community announcement,Primary,Unknown,2026-08-26,"RHoK Johannesburg 30 Nov–1 Dec 2013 at ThoughtWorks, 17 Melle St, Braamfontein; organiser thread mentions Andreas Pauley; RHoK Pretoria same weekend",Moderate
EV0058,Unknown,E001,RHoK 3.0 events held twice in 2012 (June & December) 'saw multiple cities... including Cape Town',Random Hacks of Kindness — Wikipedia,Wikipedia,https://en.wikipedia.org/wiki/Random_Hacks_of_Kindness,2026,Encyclopedia,Secondary,Unknown,2026-08-26,RHoK 3.0 events held twice in 2012 (June & December) 'saw multiple cities... including Cape Town',Moderate
EV0059,Unknown,E002,SA leg 20-21 Apr 2013: main event mLab Pretoria; virtual sites Stellenbosch & Cape Town. Local awards: The Blue Marble (Space Decode); Database of Near Earth Objects (Solar system ,International Space Apps Challenge 2013 — Johannesburg/Pretoria location page,NASA Space Apps (2013 archive),https://2013.spaceappschallenge.org/location/johannesburg,2013,Competition platform,Primary,Unknown,2026-08-26,SA leg 20-21 Apr 2013: main event mLab Pretoria; virtual sites Stellenbosch & Cape Town. Local awards: The Blue Marble (Space Decode); Database of Near Earth Objects (Solar system simulator); Reach for the Stars (Augmented Solar System); Smart Cities & Smart Climate (SmartT Resources),Strong
EV0060,P0075,E004,"Hacking Health Cape Town, 24-25 Jan 2014, Groote Schuur Hospital; 100+ participants, 30 challenges, 10 teams; winner ECTracker led by medical student Farah Jawitz; organised by UCT",Hacking healthcare in South Africa,MaRS Discovery District,https://marsdd.com/news-and-insights/hacking-healthcare-south-africa,2014-02-19,Sector publication,Secondary,Unknown,2026-08-26,"Hacking Health Cape Town, 24-25 Jan 2014, Groote Schuur Hospital; 100+ participants, 30 challenges, 10 teams; winner ECTracker led by medical student Farah Jawitz; organised by UCT Inclusive Healthcare Innovation Initiative + Hacking Health + Medic Mobile",Strong
EV0061,P0076 ; P0077 ; P0078 ; P0079 ; P0080,E005,"Cape Town at 22seven offices, 40+ participants; winning group 'Pulse' (Active Citizen challenge): Alek Gallo, Bruce Bassett, Riccardo Iovino, Michael Graaf, Coenraad Loubser (mobil",#GovHackSA hackathon report,mLab,https://mlab.co.za/news/govhacksa/,2014-05-26,Organiser blog,Primary,Unknown,2026-08-26,"Cape Town at 22seven offices, 40+ participants; winning group 'Pulse' (Active Citizen challenge): Alek Gallo, Bruce Bassett, Riccardo Iovino, Michael Graaf, Coenraad Loubser (mobile micro-polling platform); judges incl. Brett St Clair (Google), Cllr Garreth Bloor",Strong
EV0062,P0081 ; P0082 ; P0083 ; P0084,E006,"First-ever Discovery GradHack 2014 won by UJ ACSSE team Health Ninjas: Michael Wright, Egbert van der Westhuizen, Lourens Badenhorst, Martin Trollip (Vitality-focused Android app)",UJ students won Discovery IT Graduate Hackathon,University of Johannesburg,https://news.uj.ac.za/news/uj-students-won-discovery-it-graduate-hackathon-2/,2014-08-04,University news,Primary,Unknown,2026-08-26,"First-ever Discovery GradHack 2014 won by UJ ACSSE team Health Ninjas: Michael Wright, Egbert van der Westhuizen, Lourens Badenhorst, Martin Trollip (Vitality-focused Android app)",Strong
EV0063,Unknown,E006 ; E007 ; E029,UJ ACSSE students won Discovery GradHack national finals in 2014 and 2015; also won Microsoft Imagine Cup SA national finals four times in six years,South African Engineers expose Discovery Vitality cheaters,The Techieguy,https://thetechieguy.com/south-african-engineers-expose-discovery-vitality-cheaters/,2015-08-26,Tech blog,Secondary,Unknown,2026-08-26,UJ ACSSE students won Discovery GradHack national finals in 2014 and 2015; also won Microsoft Imagine Cup SA national finals four times in six years,Moderate
EV0064,P0085 ; P0086 ; P0087 ; P0088 ; P0089,E023,"2016 GradHack winner Team Bithealth (UJ ACSSE): Kyle Alexander, Jihyun Byun, Jacques Oosthuizen, Mario da Silva, Shaun Van Wyk; third consecutive UJ win",Discovery Hackathon hat trick for UJ ACSSE students,University of Johannesburg,https://news.uj.ac.za/news/discovery-hackathon-hat-trick-for-uj-acsse-students-2/,2016-12-14,University news,Primary,Unknown,2026-08-26,"2016 GradHack winner Team Bithealth (UJ ACSSE): Kyle Alexander, Jihyun Byun, Jacques Oosthuizen, Mario da Silva, Shaun Van Wyk; third consecutive UJ win",Strong
EV0065,P0090 ; P0091 ; P0092 ; P0093,E024 ; E025,"2018 Discovery GradHack (JHB, 48h) winner: UCT IS honours team PayDay — Natasha Oates, Nasiha Ally, Ryan Tripod, Zack Zornitta; beat 10 other pitches; UCT IS also won 2017 edition;",UCT team wins national hackathon,University of Cape Town,https://www.news.uct.ac.za/article/-2018-07-13-uct-team-wins-national-hackathon,2018-07-13,University news,Primary,Unknown,2026-08-26,"2018 Discovery GradHack (JHB, 48h) winner: UCT IS honours team PayDay — Natasha Oates, Nasiha Ally, Ryan Tripod, Zack Zornitta; beat 10 other pitches; UCT IS also won 2017 edition; prize = guaranteed Discovery employment",Strong
EV0066,P0094 ; P0095 ; P0096 ; P0097,E026,"2021 GradHack winner NWU Team NeuroTech: Rudi Dreyer, Chris Neuhoff, Franco Bester, Ivan Pretorius (R10k each + R50k to NWU)",NWU students win Discovery GradHack (EISH magazine),North-West University,https://www.nwu.ac.za/sites/www.nwu.ac.za/files/files/i-media/I-eish-202110/students.html,2021-10,University news,Primary,Unknown,2026-08-26,"2021 GradHack winner NWU Team NeuroTech: Rudi Dreyer, Chris Neuhoff, Franco Bester, Ivan Pretorius (R10k each + R50k to NWU)",Strong
EV0067,P0098 ; P0099 ; P0100 ; P0101 ; P0102 ; P0103 ; P0104 ; P0105 ; P0106 ; P0107,E027,"2024 winner Team Cookout (UCT): Jordy Kafwe, Ben Cleveland, Yohannes Gebremeskel Libelo, Maesela Katlego Sekoele (SafeRoute app); top-3 Team Silicon Slippers: Michael Gamsu, Boitum",UCT wins Discovery GradHack,University of Cape Town (School of IT),https://sit.uct.ac.za/articles/2024-07-24-uct-wins-discovery-gradhack,2024-07-24,University news,Primary,Unknown,2026-08-26,"2024 winner Team Cookout (UCT): Jordy Kafwe, Ben Cleveland, Yohannes Gebremeskel Libelo, Maesela Katlego Sekoele (SafeRoute app); top-3 Team Silicon Slippers: Michael Gamsu, Boitumelo Mokoka, Ryan Murphy",Strong
EV0068,P0105 ; P0106 ; P0107,E027 ; E029,"NWU team Tasmiyah Nakooda, Ulysses Makubika, Zaid Asvat among top-3 finalists of 72-hour virtual GradHack 2024 (50 students, 16 teams); AI lung-disease detection project; permanent",Students' IT prowess lands them jobs at Discovery,North-West University,https://news.nwu.ac.za/students-it-prowess-lands-them-jobs-discovery,2024-08-19,University news,Primary,Unknown,2026-08-26,"NWU team Tasmiyah Nakooda, Ulysses Makubika, Zaid Asvat among top-3 finalists of 72-hour virtual GradHack 2024 (50 students, 16 teams); AI lung-disease detection project; permanent Discovery jobs",Strong
EV0069,P0108 ; P0109 ; P0110 ; P0111,E028,"2025 winner VitaliTeam (SU): Mia Olivier, Kayleigh Koekemoer, Jaime Kruger, David Nicolay; R15k each + R50k; finals at Discovery HQ Sandton",BDatSci Final-Years Win the 2025 Discovery GradHack,Stellenbosch University,https://www.su.ac.za/en/faculties/economy/news/bdatsci-final-years-win-2025-discovery-gradhack,2025-11-11,University news,Primary,Unknown,2026-08-26,"2025 winner VitaliTeam (SU): Mia Olivier, Kayleigh Koekemoer, Jaime Kruger, David Nicolay; R15k each + R50k; finals at Discovery HQ Sandton",Strong
EV0070,P0112 ; P0113 ; P0114 ; P0115 ; P0116 ; P0117 ; P0118 ; P0119,E030,"2021 SU hackathon (mentors from Entersekt & Capitec): FinTech challenge winner LaTeX on the Beach (Simeon Boshoff, Nadia van Niekerk, Lauren Abrahall, Daniel Olivier, Simon Steven)",SU hackathon goes in a new direction,Die Matie (MatieMedia),https://www.matiemedia.org/su-hackathon-goes-in-a-new-direction/,2021-10-19,Student newspaper,Secondary,Unknown,2026-08-26,"2021 SU hackathon (mentors from Entersekt & Capitec): FinTech challenge winner LaTeX on the Beach (Simeon Boshoff, Nadia van Niekerk, Lauren Abrahall, Daniel Olivier, Simon Steven); data challenge winner Designated Derivers (Lance Davids, Musa Maboea, Thamu Mnyulwa); R8k each",Strong
EV0071,P0120 ; P0121 ; P0122 ; P0123 ; P0124 ; P0125,E031,"2024 SU LaunchLab/InnovUS hackathon (40 hours, cloud cost management, 9 teams/49 participants): winner Team Apollo — Emma Sharratt, Divan van der Bank, Retief Louw, Dgibrilly Mutab",SU students tackle data challenge in 40 hours,Stellenbosch University (SMF News),https://www.smfnews.org/su-students-tackle-data-challenge-in-40-hours/,2024-08-29,University news,Secondary,Unknown,2026-08-26,"2024 SU LaunchLab/InnovUS hackathon (40 hours, cloud cost management, 9 teams/49 participants): winner Team Apollo — Emma Sharratt, Divan van der Bank, Retief Louw, Dgibrilly Mutabazi, Kharendwe Makhani, Kabelo Maphutha (R7,500)",Strong
EV0072,P0126 ; P0127 ; P0128 ; P0129,E032 ; E033,"2nd annual MiWay 24-hours Actuarial Hackathon (25 students, 5 universities): 1st Matt Lourens & Dehan Opperman (NWU masters) R20k; 2nd Christian Hitchcock (UP) R5k; 3rd Lebogang Mo",Two North-West University students win Miway 24-hour hackathon,MiWay,https://www.miway.co.za/blog/in-the-news/two-north-west-university-students-win-miway-24-hour-hackathon,2019-04-16,Corporate news,Primary,Unknown,2026-08-26,"2nd annual MiWay 24-hours Actuarial Hackathon (25 students, 5 universities): 1st Matt Lourens & Dehan Opperman (NWU masters) R20k; 2nd Christian Hitchcock (UP) R5k; 3rd Lebogang Moremi (UP) R3k; predictive customer retention modelling",Strong
EV0073,P0126 ; P0127,E032,Confirms Matt Lourens and Dehan Opperman won 2nd MiWay 24-hours Actuarial Hackathon,NWU duo wins 24-hour hackathon competition,North-West University,https://news.nwu.ac.za/nwu-duo-wins-24-hour-hackathon-competition,2019,University news,Primary,Unknown,2026-08-26,Confirms Matt Lourens and Dehan Opperman won 2nd MiWay 24-hours Actuarial Hackathon,Strong
EV0074,Unknown,E014,NWU hackday 2016: 'greenhouse project' and 'virtual museum' teams won (prize: Raspberry Pi 3 model B per team member),NWU IT News 2016 (PDF),North-West University IT Services,https://services.nwu.ac.za/sites/services.nwu.ac.za/files/files/information-technology/news/IT-News2016.pdf,2016,Institutional PDF,Primary,Unknown,2026-08-26,NWU hackday 2016: 'greenhouse project' and 'virtual museum' teams won (prize: Raspberry Pi 3 model B per team member),Moderate
EV0075,P0130 ; P0131 ; P0132 ; P0133,E036,"UniHack 2024 (early July, students from four Western Cape universities): 1st Edu Elevators — Andile Masela, Michael Maseko, Olerato Motaung, Nkuleko Nhlapo (AI WhatsApp tutor chatb",Standard Bank UniHack inspires young developers,ITWeb,https://www.itweb.co.za/article/standard-bank-unihack-inspires-young-developers/Kjlyr7wBmLXvk6am,2024-07-10,News article,Secondary,Unknown,2026-08-26,"UniHack 2024 (early July, students from four Western Cape universities): 1st Edu Elevators — Andile Masela, Michael Maseko, Olerato Motaung, Nkuleko Nhlapo (AI WhatsApp tutor chatbot); 2nd Health Guardians; 3rd EduDev",Strong
EV0076,P0134 ; P0135 ; P0136 ; P0137 ; P0138,E037 ; E038,"UniHack 2025 (Cape Town, 13 teams): 1st High Five team ('Handy' sign-language app) — Justin Dietrich, Vutivi Makubela, Bailey Mc Jarrow (Stellenbosch), Oluphi Vukaphi, Nabeelah Kha",Standard Bank Concludes Third Annual UniHack Competition,Standard Bank,https://www.standardbank.co.za/southafrica/news-and-media/newsroom/standard-bank-concludes-third-annual-unihack-competition,2025-04-07,Corporate news,Primary,Unknown,2026-08-26,"UniHack 2025 (Cape Town, 13 teams): 1st High Five team ('Handy' sign-language app) — Justin Dietrich, Vutivi Makubela, Bailey Mc Jarrow (Stellenbosch), Oluphi Vukaphi, Nabeelah Khan (UWC); 2nd My EduVault; 3rd AI Mental Health Solution",Strong
EV0077,P0134 ; P0135 ; P0136 ; P0137 ; P0138,E037,Corroborates UniHack 2025 winners and Cape Town venue; two-day competition,Standard Bank announces UniHack competition winners,ITWeb,https://www.itweb.co.za/article/standard-bank-announces-unihack-competition-winners/KPNG878NPjDq4mwD,2025-04-08,News article,Secondary,Unknown,2026-08-26,Corroborates UniHack 2025 winners and Cape Town venue; two-day competition,Strong
EV0078,Unknown,E039 ; E041,10th annual Kuunda Disrupt Hackathon (Standard Bank employee event): overall winner DigiTrade (Ghana CIB); 395 proposals from 20 markets; top 45 teams/230+ hackers,Standard Bank Ghana's CIB team wins employee hackathon,ITWeb Africa,https://itweb.africa/content/6GxRKMYQlmBMb3Wj,2024-09-16,News article,Secondary,Unknown,2026-08-26,10th annual Kuunda Disrupt Hackathon (Standard Bank employee event): overall winner DigiTrade (Ghana CIB); 395 proposals from 20 markets; top 45 teams/230+ hackers,Moderate
EV0079,Unknown,E040,"11th Kuunda Disrupt Hackathon, Johannesburg, 244 participants from 20 African countries, 3 days; SA winners unnamed (AI lead-ranking solution; agentic AI tool)",The winning AI solutions at this year's Standard Bank hackathon,htxt.africa,https://htxt.co.za/2025/09/the-winning-ai-solutions-at-this-years-standard-bank-hackathon/,2025-09-26,Tech media,Secondary,Unknown,2026-08-26,"11th Kuunda Disrupt Hackathon, Johannesburg, 244 participants from 20 African countries, 3 days; SA winners unnamed (AI lead-ranking solution; agentic AI tool)",Moderate
EV0080,Unknown,E041 ; E042,"Durban schools STEAM competition at Gordon Road Girls' School (19 schools): 1st 'The Recycling Rangers' — 12 Effingham Heights Primary pupils, 'Smart Eco Bin' (Raspberry Pi-based)",Effingham Heights Primary School wins prestigious Standard Bank Kuunda Disrupt Competition,IOL / Daily News,https://www.iol.co.za/dailynews/news/effingham-heights-primary-school-wins-prestigious-standard-bank-kuunda-disrupt-competition-d361b66e-fdf8-41e6-a574-af1a9137a840,2024-12-04,News article,Secondary,Unknown,2026-08-26,"Durban schools STEAM competition at Gordon Road Girls' School (19 schools): 1st 'The Recycling Rangers' — 12 Effingham Heights Primary pupils, 'Smart Eco Bin' (Raspberry Pi-based)",Moderate
EV0081,Unknown,E043,"MTN MoMo API Hackathon 2023 SA (31 Jul–9 Oct 2023): winners Zaka (cashflow financing), Tata Imali (2nd, micro-lending), MoLo (3rd, P2P lending); $10k prize pool; developer names no",Discover the future: MTN MoMo API Hackathon unveils trailblazing innovations,IOL,https://www.iol.co.za/technology/techsperts/discover-the-future-mtn-momo-api-hackathon-unveils-trailblazing-innovations-695051ba-a05d-44d5-b2e0-41627d1cacd6,2024-04-23,News article,Secondary,Unknown,2026-08-26,"MTN MoMo API Hackathon 2023 SA (31 Jul–9 Oct 2023): winners Zaka (cashflow financing), Tata Imali (2nd, micro-lending), MoLo (3rd, P2P lending); $10k prize pool; developer names not published in these sources",Moderate
EV0082,P0139 ; P0140 ; P0141,E044,"#SS19Hack (JHB, ~50 developers, ~30h, IoT security): 1st Khululeka (blockchain content filtering); 2nd Dumela (Kimberley team); 3rd Watchr (team True Author); overall champion Tume",Winners of #SS19Hack announced,ITWeb,https://www.itweb.co.za/content/Pero37ZgwLBMQb6m,2019-05-31,News article,Secondary,Unknown,2026-08-26,"#SS19Hack (JHB, ~50 developers, ~30h, IoT security): 1st Khululeka (blockchain content filtering); 2nd Dumela (Kimberley team); 3rd Watchr (team True Author); overall champion Tumelo Baloyi (disaster-relief volunteering platform); CTF winners Red team / Blue team (JHB); photo caption lists Siyammukela Kasapo, James Miwahili, Ivan Regasek with prize",Strong
EV0083,Unknown,E046 ; E048,"2nd annual Absa Technology Hackathon (internal, multi-country): 1st Hackernauts (SA+Prague); 2nd Dragons Unleashed (Botswana); 3rd Teamo Supremo (SA)",Absa hosts hackathon to ignite innovation and engagement in the Absa Technology community,Absa,https://www.absa.africa/media-statements/2024/absa-hosts-hackathon-to-ignite-innovation-and-engagement-in-the-absa-technology-community/,2024-09-13,Corporate news,Primary,Unknown,2026-08-26,"2nd annual Absa Technology Hackathon (internal, multi-country): 1st Hackernauts (SA+Prague); 2nd Dragons Unleashed (Botswana); 3rd Teamo Supremo (SA)",Moderate
EV0084,P0142 ; P0143 ; P0144 ; P0145 ; P0146 ; P0147,E045,"Winner ELEV8A: Tsholofelo Radebe, Keletso Moagi, Sihle Dube (R50k); runner-up Omnicorn: Mila Daly, Tawanda Mutambwe, Refilwe Lesego Masekela (R15k)",2021 Absa Design Hackathon,Absa,https://www.absa.co.za/offers/2021-absa-design-hackathon/,2021,Corporate page,Primary,Unknown,2026-08-26,"Winner ELEV8A: Tsholofelo Radebe, Keletso Moagi, Sihle Dube (R50k); runner-up Omnicorn: Mila Daly, Tawanda Mutambwe, Refilwe Lesego Masekela (R15k)",Strong
EV0085,Unknown,E047,"2025 Absa Technology Hackathon (24h, internal): AI for Impact winner Mighty Pythons (SA); Blue Sky co-winner Hustle Hub (SA) and Digital Islanders (Mauritius); Commercialisation wi",Absa Teams Build Real-World Banking Solutions in 24 Hours at 2025 Technology Hackathon,Africa Business (africabusiness.com),https://africabusiness.com/2025/10/30/absa-teams-build-real-world-banking-solutions-in-24-hours-at-2025-technology-hackathon/,2025-10-30,News article,Secondary,Unknown,2026-08-26,"2025 Absa Technology Hackathon (24h, internal): AI for Impact winner Mighty Pythons (SA); Blue Sky co-winner Hustle Hub (SA) and Digital Islanders (Mauritius); Commercialisation winner The Solvers (Zambia); R25k per member",Moderate
EV0086,Unknown,E049,"Vodacom Group Annual Hack-alympics 2024: 3-day internal hackathon across SA, Kenya, DRC, Lesotho, Mozambique, Tanzania, Ethiopia, Egypt; winners advance to All-Africa finals; indiv",Vodacom Group CEO encourages innovation at annual hack-alympics,Tech Review Africa,https://techreviewafrica.com/news/1281/vodacom-group-ceo-encourages-innovation-at-annual-hack-alympics,2024-03-29,Tech media,Secondary,Unknown,2026-08-26,"Vodacom Group Annual Hack-alympics 2024: 3-day internal hackathon across SA, Kenya, DRC, Lesotho, Mozambique, Tanzania, Ethiopia, Egypt; winners advance to All-Africa finals; individual winners not published",Moderate
EV0087,Unknown,E011,"Top 3: Gig Guide, I'm Interested, Wits Locate (member names not published); category awards: Wits Meal App (Most Innovative), IQMates (Ready for Market), Bus Control (Most Required",Wits Uni Student App Challenge winners named,Disrupt Africa,https://disruptafrica.com/2015/09/02/wits-uni-student-app-challenge-winners-named/,2015-09-02,News article,Secondary,Unknown,2026-08-26,"Top 3: Gig Guide, I'm Interested, Wits Locate (member names not published); category awards: Wits Meal App (Most Innovative), IQMates (Ready for Market), Bus Control (Most Required); best presentations: Need A Book, Wits Happening, 24",Moderate
EV0088,Unknown,Unknown,"First-ever Wits Hackathon (2022, <24h, 'Digitalisation in Mining'): winning team Creative Mines — Taryn Michael, Eli Nimy, Mfundo Monchwe, Clarence Mantiya, Kurhula Manganyi (OCR +",PODCAST: Wits Hackathon winners plan to revolutionise mining industry,The Citizen,https://www.citizen.co.za/lifestyle/technology/podcast-wits-hackathon-winners-mining/,2023-05-10,News article,Secondary,Unknown,2026-08-26,"First-ever Wits Hackathon (2022, <24h, 'Digitalisation in Mining'): winning team Creative Mines — Taryn Michael, Eli Nimy, Mfundo Monchwe, Clarence Mantiya, Kurhula Manganyi (OCR + text analytics; R15k + NEMISA courses)",Strong
EV0089,P0148 ; P0149 ; P0150 ; P0151 ; P0152 ; P0153 ; P0154 ; P0155 ; P0156 ; P0157 ; P0158,E050 ; E051,Minecraft Education Edition challenge: 1st individual Yadir Purmasir ('The Order of the Stone Academy'); Audience Vote Nqobile Mhlanga; Social Media Challenge Previn Ramiah. Superc,Wits stories — Minecraft challenge & supercomputing awards,Wits University,https://www.wits.ac.za/future/stories/,2018-09,University news,Primary,Unknown,2026-08-26,"Minecraft Education Edition challenge: 1st individual Yadir Purmasir ('The Order of the Stone Academy'); Audience Vote Nqobile Mhlanga; Social Media Challenge Previn Ramiah. Supercomputing: most innovative team Hassaan Hameed, Basheq Tarifi, Nathan Jones, Sansha Gupta; best teamwork Anita de Mello Koch, Kaamilah Desai, Brendon Swanepoel, Nicholas Kastanos",Moderate
EV0090,P0159 ; P0160 ; P0161 ; P0162 ; P0163 ; P0164 ; P0165 ; P0166 ; P0167 ; P0168 ; P0169,E052 ; E054,"MICT SETA National Skills Challenge Hackathon KZN Regionals (22-23 Mar 2026, MKRI offices Durban): 1st DUT Informatics — Lindokuhle Mnguni, Queen Hadebe, Sanelisekile Nqabeni (R100",DUT students excel at MICT SETA Hackathon,The Mercury,https://themercury.co.za/ios/news/2026-04-09-dut-students-excel-at-mict-seta-hackathon-showcasing-innovation-prowess/,2026-04-09,News article,Secondary,Unknown,2026-08-26,"MICT SETA National Skills Challenge Hackathon KZN Regionals (22-23 Mar 2026, MKRI offices Durban): 1st DUT Informatics — Lindokuhle Mnguni, Queen Hadebe, Sanelisekile Nqabeni (R100k); 2nd Team Demo — Siqiniseko Ntombela, Andile Ntshangase, Bukeka Nxumalo, Mesuli Gama, Mbuso Khoza (R50k); 3rd Clever Programming (R50k)",Strong
EV0091,P0170 ; P0171 ; P0172 ; P0173 ; P0174,E053 ; E054,"EC leg (Gqeberha, 2-day innovation sprint): winner NMU team Kamva Twala, Kateko Tivane, Daniel Basiwe, Namhla Lingela, Katlego Molotsi (R100k; Digital Ubuntu/Google.org alumni); na",Mandela University students win Eastern Cape leg of National Skills Challenge,Nelson Mandela University,https://news.mandela.ac.za/News/Mandela-University-students-win-Eastern-Cape-leg-o,2026-03-23,University news,Primary,Unknown,2026-08-26,"EC leg (Gqeberha, 2-day innovation sprint): winner NMU team Kamva Twala, Kateko Tivane, Daniel Basiwe, Namhla Lingela, Katlego Molotsi (R100k; Digital Ubuntu/Google.org alumni); national finals in Gauteng 30-31 Mar 2026",Strong
EV0092,P0175 ; P0176 ; P0177 ; P0178 ; P0179 ; P0180 ; P0181 ; P0182 ; P0183 ; P0184 ; P0185 ; P0186,E055,"1st Takalani Mukhevho & Oliver Mpofu (KasiCred); 2nd Lukhulo Vongo, Noziphiwo Mpikeleli, Francis Ndlovu, Mnqobi Madlala, Oamogetswe Phiri (Money Matters); 3rd Luyanda Shezi, Ismael",UFS students tackle real-world banking challenges at Beat the Banker Hackathon,University of the Free State,https://www.ufs.ac.za/templates/news-archive-item/campus-news/2026/june/ufs-students-tackle-real-world-banking-challenges-at-beat-the-banker-hackathon,2026-06-24,University news,Primary,Unknown,2026-08-26,"1st Takalani Mukhevho & Oliver Mpofu (KasiCred); 2nd Lukhulo Vongo, Noziphiwo Mpikeleli, Francis Ndlovu, Mnqobi Madlala, Oamogetswe Phiri (Money Matters); 3rd Luyanda Shezi, Ismael Dlamini, Edwin van Zyl, Ofentse Ngcongca; BBD GitHub prize: Ultimate Ngobeni, Phemelo Mokwena, Ivy Mutodi, Darrell Nkosi, Sindiswa Baloyi; solo participant Sizwe Nkuna; Standard Bank + BBD involved",Strong
EV0093,P0192 ; P0193,E035 ; E056 ; E057,"Telkom 10X Hackathon Free State leg at Botshabelo Digital Hub: 1st Delight Chetter & Kabelo Makhetha (CUT, DeTech co-founders, Fire-Link Lite, R15k); duo placed 3rd at Geekulcha An",CUT students take first place at Hackathon,Bloemfontein Courant,https://www.bloemfonteincourant.co.za/cut-students-take-first-place-at-hackathon/,2025-10-21,News article,Secondary,Unknown,2026-08-26,"Telkom 10X Hackathon Free State leg at Botshabelo Digital Hub: 1st Delight Chetter & Kabelo Makhetha (CUT, DeTech co-founders, Fire-Link Lite, R15k); duo placed 3rd at Geekulcha Annual Hackathon",Strong
EV0094,Unknown,E058 ; E059,"LVH 2025 (10-12 Oct 2025, University of Limpopo VL Hall, theme Hack4Mzansi): 1st Master Hackers (borehole dashboard); 2nd Ctrl, Alt & Defeat (pesticide detection); 3rd Byte Bandits",Innovation takes centre stage at 4th Annual Limpopo Varsity Hackathon,Tshwane University of Technology,https://www.tut.ac.za/newsroom/all-news/2025/innovation-takes-centre-stage-at-4th-annual-limpopo-varsity-hackathon.php,2025-10-27,University news,Primary,Unknown,2026-08-26,"LVH 2025 (10-12 Oct 2025, University of Limpopo VL Hall, theme Hack4Mzansi): 1st Master Hackers (borehole dashboard); 2nd Ctrl, Alt & Defeat (pesticide detection); 3rd Byte Bandits (smart traffic light) — member names not published",Moderate
EV0095,Unknown,E060,"TVH 2025 (Sept 2025, with City of Tshwane, MTN SA, IQ Business, AWS, Nelekat; TUT/UP/UNISA/SMU): 1st Ubuntu Hackers (Notiza App); 2nd Cybergeeks (Aqua Balance); 3rd Bit by Bit (Kas",ICT students drive Tshwane's digital revolution (7th Annual Tshwane Varsity Hackathon),Tshwane University of Technology,https://www.tut.ac.za/newsroom/all-news/2025/ict-students-drive-tshwanes-digital-revolution.php,2025-11-03,University news,Primary,Unknown,2026-08-26,"TVH 2025 (Sept 2025, with City of Tshwane, MTN SA, IQ Business, AWS, Nelekat; TUT/UP/UNISA/SMU): 1st Ubuntu Hackers (Notiza App); 2nd Cybergeeks (Aqua Balance); 3rd Bit by Bit (Kasi Connect) — member names not published",Moderate
EV0096,P0194 ; P0195 ; P0196 ; P0197 ; P0198 ; P0199,E061,18 teams -> 11 finalists: 1st Mzansi Shield (R25k per this article); 2nd Cyber Blockers (R15k); joint 3rd Data Defence Solutions & Zero Trust (R5k each). Caption lists Titelo Malek,CyberSecureTech Hackathon 2025 Empowers the Youth,University of Venda,https://www.univen.ac.za/news/cybersecure-tech-hackathon-2025-empowers-the-youth-to-safeguard-south-africas-digital-future/,2026-01-23,University news,Primary,Unknown,2026-08-26,"18 teams -> 11 finalists: 1st Mzansi Shield (R25k per this article); 2nd Cyber Blockers (R15k); joint 3rd Data Defence Solutions & Zero Trust (R5k each). Caption lists Titelo Maleka (TUT), Sigidane Khumbudzo/Mukhumo Sandra/Phooko Mokgomme (UNIVEN) as 'Adapt IT Mentors and First Place Winners'",Moderate
EV0097,P0194 ; P0195 ; P0198 ; P0199,E061,"Mzanzi Shield represented by Phooko Mokgomme and Sandra Mukhumo — 1st, R20k (conflicts with S59's R25k); 2nd Cyberblockers: Amokelane Bele & Rabelani Mufamadi, R10k (conflicts with",UNIVEN Honours Top Innovators at CyberSecureTech Hackathon 2025 Prize Ceremony,University of Venda,https://www.univen.ac.za/news/univen-honours-top-innovators-at-cybersecuretech-hackathon-2025-prize-ceremony/,2026-04-23,University news,Primary,Unknown,2026-08-26,"Mzanzi Shield represented by Phooko Mokgomme and Sandra Mukhumo — 1st, R20k (conflicts with S59's R25k); 2nd Cyberblockers: Amokelane Bele & Rabelani Mufamadi, R10k (conflicts with S59's R15k); R40k total awarded",Moderate
EV0098,P0200 ; P0201 ; P0202 ; P0203 ; P0204 ; P0205 ; P0206 ; P0207 ; P0208 ; P0209 ; P0210 ; P0211,E034,"Geekulcha Hackathon 2023 at UNISA Pretoria campus: NWU Vanderbijlpark teams in top 10 — Code Blooded (Gerrard Lewu, Morena Ramateletse, Sinovuyo Sondara, Kamogelo Seale, Gratitude ",Students excel at annual Geekulcha Hackathon,North-West University,https://news.nwu.ac.za/students-excel-annual-geekulcha-hackathon,2023-10-16,University news,Primary,Unknown,2026-08-26,"Geekulcha Hackathon 2023 at UNISA Pretoria campus: NWU Vanderbijlpark teams in top 10 — Code Blooded (Gerrard Lewu, Morena Ramateletse, Sinovuyo Sondara, Kamogelo Seale, Gratitude Phoku, Nhlanhla Nwariwe, Jenifer Brown; HarvestHub Technologies) and Who's Next (Dean Dube, Boiketlo Ramoabi, Fortunate Sadiki, Lesego Lubisi, Siphokazi Malesa, Boitumelo Moile, Themba Mabuza; Emerge Connect)",Strong
EV0099,P0214 ; P0215 ; P0216 ; P0217,E062,"28 Jun 2025, Cape Town; 12 teams from 4 SA universities after week of training: 1st Team Direla (QR-code ILP transactions); 2nd Team Fin Illuminaries (USSD ILP via spaza shops; mem",The UCT Financial Innovation Hub and Interledger Foundation Hackathon,Interledger Foundation,https://interledger.org/news/uct-financial-innovation-hub-and-interledger-foundation-hackathon,2025-07-10,Funder news,Primary,Unknown,2026-08-26,"28 Jun 2025, Cape Town; 12 teams from 4 SA universities after week of training: 1st Team Direla (QR-code ILP transactions); 2nd Team Fin Illuminaries (USSD ILP via spaza shops; members incl. Sakeena Majiet, Moegamat Rashaad Samsodien, Amukelani Rikhotso, Raibim Alam per photo caption); 3rd Team FlowFi (student crowdfunding)",Strong
EV0100,P0218,E063,"2026 Interledger bootcamp+hackathon (8 students from UCT, Eduvos, Sol Plaatje, UFS): winning 3-member UCT MPhil FinTech team incl. Kerry-Lynne White (Fireline micro-insurance; R35k",UCT Master's students win financial innovation hub hackathon,Eyewitness News (EWN),https://www.ewn.co.za/2026/06/28/uct-master-s-students-win-financial-innovation-hub-hackathon,2026-06-28,News article,Secondary,Unknown,2026-08-26,"2026 Interledger bootcamp+hackathon (8 students from UCT, Eduvos, Sol Plaatje, UFS): winning 3-member UCT MPhil FinTech team incl. Kerry-Lynne White (Fireline micro-insurance; R35k)",Moderate
EV0101,P0219 ; P0220 ; P0221 ; P0222 ; P0223,E064,"UCT Surgical Society x Harvard HSIL 2-day surgical hackathon concluded 12 Apr 2025: winner Authentic Intelligence — Ludolph Pedro, Bunono Frans, Wanda Madasa, Rahul Rama-Panchia, S",Surgical hackathon team devises 'street smart' solution,University of Cape Town,https://www.news.uct.ac.za/article/-2025-04-24-surgical-hackathon-team-devises-street-smart-solution,2025-04-24,University news,Primary,Unknown,2026-08-26,"UCT Surgical Society x Harvard HSIL 2-day surgical hackathon concluded 12 Apr 2025: winner Authentic Intelligence — Ludolph Pedro, Bunono Frans, Wanda Madasa, Rahul Rama-Panchia, Simphiwe Malinga ('Street Smarts' child-safety app)",Strong
EV0102,P0224 ; P0225 ; P0226 ; P0227 ; P0228,E065,"Inaugural Innovate Africa Fund hackathon ($100k prize pool; 10 teams from across Africa): winning SA team of five — Lucy Kgware, Thina Mathebula, Phumla Makhoba, Sicelo Shange, Ler",South African team building digital addressing solution wins Innovate Africa Fund hackathon,Techpoint Africa,https://techpoint.africa/feature/innovate-africa-fund-hackathon/,2025-09-22,Tech media,Secondary,Unknown,2026-08-26,"Inaugural Innovate Africa Fund hackathon ($100k prize pool; 10 teams from across Africa): winning SA team of five — Lucy Kgware, Thina Mathebula, Phumla Makhoba, Sicelo Shange, Lerato Masango ('Address Me' digital addressing platform)",Moderate
EV0103,Unknown,E066,Cape Town edition: winning concept by team SmartWare (GBV-prevention education + panic button app); R25k winner prize; Silicon Cape implementation partner; Johannesburg edition als,Hackathons for SA #GBV: Digital Solutions for Real-World Challenges (event page),Quicket,https://www.quicket.co.za/events/94401-hackathons-for-sa-gbv-digital-solutions-for-real-world-challenges/,2020,Event listing,Primary,Unknown,2026-08-26,Cape Town edition: winning concept by team SmartWare (GBV-prevention education + panic button app); R25k winner prize; Silicon Cape implementation partner; Johannesburg edition also planned,Moderate
EV0104,P0254,E067,CiTi Township Tech hackathon (hybrid final at Woodstock Bandwidth Barn; 40 participants -> 6 finalists): theme winners Tech Khaltsha (safety & security; + 'pitch of the day'; membe,Township Tech hackathon stars revealed,ITWeb,https://www.itweb.co.za/article/township-tech-hackathon-stars-revealed/lwrKxv3KkVxvmg1o,2021-03-15,News article,Secondary,Unknown,2026-08-26,"CiTi Township Tech hackathon (hybrid final at Woodstock Bandwidth Barn; 40 participants -> 6 finalists): theme winners Tech Khaltsha (safety & security; + 'pitch of the day'; member Zandile Tlhapi), Basket (reach of services), Cyberspace (connectivity)",Strong
EV0105,P0255,E068,"AB4IR (Africa Beyond 4IR) + Liquid Intelligent Technologies 3-day hackathon (April 2021, Tshwane South TVET College; 250 registrations -> 20 participants): 1st Captured (R15k; memb",Township tech innovations provide real-world solutions,ITWeb,https://www.itweb.co.za/article/township-tech-innovations-provide-real-world-solutions/lwrKxq3KaE1qmg1o,2021-05-04,News article,Secondary,Unknown,2026-08-26,"AB4IR (Africa Beyond 4IR) + Liquid Intelligent Technologies 3-day hackathon (April 2021, Tshwane South TVET College; 250 registrations -> 20 participants): 1st Captured (R15k; member Katlego Matshwi quoted); 2nd Ubunifu (R10k); 3rd My Universe (R5k)",Strong
EV0106,P0229 ; P0230 ; P0231 ; P0232,E069 ; E070,"Eastern Cape Youth Digital Agrisec Hackathon: 1st Lifa Gomomo, Aphiwe Mazwi, Francine Tembo, Asekhona Xanywa (WSU Komani ITS; android agri-info app; R20k + AI module); qualify for ",WSU students headed to international hackathon 2022,Walter Sisulu University,https://www.wsu.ac.za/index.php/media-center/latest-news/286-wsu-newsletter/406-wsu-its-students-headed-to-international-hackathon-2022,2022,University news,Primary,Unknown,2026-08-26,"Eastern Cape Youth Digital Agrisec Hackathon: 1st Lifa Gomomo, Aphiwe Mazwi, Francine Tembo, Asekhona Xanywa (WSU Komani ITS; android agri-info app; R20k + AI module); qualify for PAICTA International Hackathon 2022",Strong
EV0107,P0233 ; P0234 ; P0235 ; P0236 ; P0237,E071,"26 Nov–2 Dec 2022, CSIR ICC Pretoria; 10 teams. 1st UJ Recursive Redemption; 2nd NWU Eagles; 3rd SPU DataTude; Best team Mighty Ridge (Saulridge Secondary); Consistent Student Fiki",2022 DIRISA Student Datathon,DIRISA,https://sdc.dirisa.ac.za/2022-datathon/,2022,Organiser page,Primary,Unknown,2026-08-26,"26 Nov–2 Dec 2022, CSIR ICC Pretoria; 10 teams. 1st UJ Recursive Redemption; 2nd NWU Eagles; 3rd SPU DataTude; Best team Mighty Ridge (Saulridge Secondary); Consistent Student Fikile Motha (TUT, Alpha Logic); Best Research Poster Husnaa Molvi & Kyle Botes (UJ); bursaries Ditshego Ntoagae (Saulridge) & Khanyisa Mokgoloboth (SMU)",Strong
EV0108,P0238 ; P0239,E072,"Theme Youth Unemployment. Technical challenge top 3 (R100k Momentum pool): 1 SPU, 2 Wits, 3 UNIZULU. Research posters: 1 SPU, 2 TUT, 3 UNIZULU. Best team: University of Mpumalanga",2023 DIRISA Student Datathon winners,DIRISA,https://www.dirisa.ac.za/2023-dirisa-student-datathon/,2023,Organiser page,Primary,Unknown,2026-08-26,"Theme Youth Unemployment. Technical challenge top 3 (R100k Momentum pool): 1 SPU, 2 Wits, 3 UNIZULU. Research posters: 1 SPU, 2 TUT, 3 UNIZULU. Best team: University of Mpumalanga",Strong
EV0109,P0238 ; P0239,E072 ; E073,2023 datathon awards 7 Dec 2023 Skukuza: Research Poster + Technical winner SPU 'The Domain'ators'; Best team UMpumalanga 'Fix8t'; bursaries Daniel Kenan Slinda (UM) & Tshepiso Mog,DIRISA hosts annual Student Datathon Challenge,CSIR,https://www.csir.co.za/dirisa-hosts-annual-student-datathon-challenge,2024-01-29,Organiser news,Primary,Unknown,2026-08-26,2023 datathon awards 7 Dec 2023 Skukuza: Research Poster + Technical winner SPU 'The Domain'ators'; Best team UMpumalanga 'Fix8t'; bursaries Daniel Kenan Slinda (UM) & Tshepiso Mogola (Phateng Secondary); annual since 2019,Strong
EV0110,Unknown,E074,"National schools AI hackathon: Grade 9+ 1st TrustTrade AI (Hatfield Christian School), RU AquaGuard (Midstream College), RU PlateSmart SA (Kearsney College); 1st Scam Scanner (St M",AI joins the judging panel for 2026 IEB TechWays AI Hackathon — winners announced,iafrica.com,https://iafrica.com/ai-joins-the-judging-panel-for-2026-ieb-techways-ai-hackathon-2026-winners-announced/,2026-06-18,News article,Secondary,Unknown,2026-08-26,"National schools AI hackathon: Grade 9+ 1st TrustTrade AI (Hatfield Christian School), RU AquaGuard (Midstream College), RU PlateSmart SA (Kearsney College); 1st Scam Scanner (St Mary's DSG), RU Green Flow (Bridge House School), RU Nomvula (King David Linksfield); Foundations Cup 1st FoodBridge (Ribane Lake School of Specialisation)",Moderate
EV0111,P0240 ; P0241 ; P0242 ; P0243 ; P0244 ; P0245 ; P0246,E075,"Team ZA (7 Western Cape learners) selected at inaugural SA Space Design Competition national finals at UCT (March 2026, 109 learners, 9 schools) then won International Space Settle",Seven SA high schoolers crowned Nasa space champions,Daily Maverick,https://www.dailymaverick.co.za/article/2026-08-21-sa-high-schoolers-rocket-to-the-top-as-nasa-space-champions/,2026-08-21,News article,Secondary,Unknown,2026-08-26,"Team ZA (7 Western Cape learners) selected at inaugural SA Space Design Competition national finals at UCT (March 2026, 109 learners, 9 schools) then won International Space Settlement Design Competition (Kennedy Space Center, 30 Jul–2 Aug 2026) in team Rockdonnell; Joseph Allderman won Anita Gale Creative Genius Prize",Strong
EV0112,P0247,E076,"First SA national round of HackAtom (energy/engineering competition), Durban: winner UNIZULU team ZuluTechCollective, team leader Philani Gabriel Marapira; advances to Moscow final",HackAtom Final: University of Zululand team to represent SA in Russia,TechFinancials,https://techfinancials.co.za/2026/05/12/hackatom-final-university-of-zululand-team-to-represent-sa-in-russia/,2026-05-12,News article,Secondary,Unknown,2026-08-26,"First SA national round of HackAtom (energy/engineering competition), Durban: winner UNIZULU team ZuluTechCollective, team leader Philani Gabriel Marapira; advances to Moscow final",Moderate
EV0113,Unknown,E077,"Gauteng Dept of e-Government youth tech challenge 2026: 1st Gridwise 10X (JHB CBD, 84.2%); 2nd Chromomark (Tshwane, 81.6%); 3rd Civic Eye (Sedibeng, 70.2%); 4th SIRRS (West Rand, 6",Fourth place for West Rand in Gauteng's biggest youth tech challenge,Krugersdorp News (Citizen),https://www.citizen.co.za/krugersdorp-news/news-headlines/local-news/2026/07/14/fourth-place-for-west-rand-in-gautengs-biggest-youth-tech-challenge/,2026-07-14,News article,Secondary,Unknown,2026-08-26,"Gauteng Dept of e-Government youth tech challenge 2026: 1st Gridwise 10X (JHB CBD, 84.2%); 2nd Chromomark (Tshwane, 81.6%); 3rd Civic Eye (Sedibeng, 70.2%); 4th SIRRS (West Rand, 63.0%); 5th Aqua Guard AI (Ekurhuleni, 59.0%); teams of 10 learners",Moderate
EV0114,P0248 ; P0249,E078,"Winning team Danica Adlam and Trich Semakula (game 'Berets and Baguettes'); prize: trip to Playtopia Festival, Cape Town",Girls Game Jam: Inspiring the next generation of game developers,French Institute of South Africa,https://frenchinstitute.org.za/arts-and-creative-industries/creative-industries/gaming/girls-game-jam-inspiring-the-next-generation-of-game-developers/,2025-09-03,Organiser news,Primary,Unknown,2026-08-26,"Winning team Danica Adlam and Trich Semakula (game 'Berets and Baguettes'); prize: trip to Playtopia Festival, Cape Town",Strong
EV0115,Unknown,E079,GGJ 2020 SA sites: Vega School Cape Town and Vega Johannesburg (31 Jan–2 Feb 2020); participant lists live on globalgamejam.org per site,Global Game Jam 2020 — Make Games South Africa forum thread,MakeGamesSA,https://makegamessa.com/discussion/5846/global-game-jam-2020-31-jan-2-feb-2020,2019-12-20,Community forum,Participant-generated,Unknown,2026-08-26,GGJ 2020 SA sites: Vega School Cape Town and Vega Johannesburg (31 Jan–2 Feb 2020); participant lists live on globalgamejam.org per site,Moderate
EV0116,P0250 ; P0251,E080,"UNIZULU 3rd in CSIR Datathon Challenge (DIRISA student datathon); Sinaye Sotatshe top-10 in international Cloud DevJam Hackathon (organised by Zaio, Cape Town; MERN coding gameshow",UNIZULU CS news (datathon 3rd place; Cloud DevJam top-10),University of Zululand,https://www.science.unizulu.ac.za/cs/category/news/page/2/,Unknown,University news,Primary,Unknown,2026-08-26,"UNIZULU 3rd in CSIR Datathon Challenge (DIRISA student datathon); Sinaye Sotatshe top-10 in international Cloud DevJam Hackathon (organised by Zaio, Cape Town; MERN coding gameshow), paired with Durban developer Ronica Singh",Moderate
EV0117,Unknown,E081,"VUT campus hackathon 2026; winning teams progress to regional competition at UFS QwaQwa campus vs SPU, NWU, UFS; winning team names not captured in accessed excerpt",VUT Hackathon 2026 turns student ideas into real world innovation,Vaal University of Technology,https://vut.ac.za/vut-hackathon-2026-turns-student-ideas-into-real-world-innovation/,2026-05-12,University news,Primary,Unknown,2026-08-26,"VUT campus hackathon 2026; winning teams progress to regional competition at UFS QwaQwa campus vs SPU, NWU, UFS; winning team names not captured in accessed excerpt",Weak (partial)
EV0118,P0252 ; P0253,E082,"IATF 2025 Healthcare Hackathon (Afrilabs + Afreximbank, $20k pool): winners Jamie Thurston Wyngaard (SA, Loop co-founder) and Dimakatso Kanyane (Dillets); venue outside SA (IATF); ",Winners of IATF 2025 Healthcare Hackathon,Towards Healthcare,https://www.towardshealthcare.com/news/iatf-2025-healthcare-hackathon-winners,2025-09-22,Sector publication,Secondary,Unknown,2026-08-26,"IATF 2025 Healthcare Hackathon (Afrilabs + Afreximbank, $20k pool): winners Jamie Thurston Wyngaard (SA, Loop co-founder) and Dimakatso Kanyane (Dillets); venue outside SA (IATF); SA connection via Wyngaard",Weak (partial)
EV0119,Unknown,E009,Hack.Jozi described as entrepreneurship competition with 4 categories; confirms winners list for 2015,#HackJozi Challenge — ESDSA programme description,ESDSA,http://www.esdsa.com/hack-jozi.html,Unknown,Programme page,Secondary,Unknown,2026-08-26,Hack.Jozi described as entrepreneurship competition with 4 categories; confirms winners list for 2015,Weak (partial)
EV0120,P0242 ; P0243 ; P0244 ; P0245,E075,"Team ZA members incl. Ethan Schoombee, Alaya Kaplen, Dean Weich, Zayaan Abdurahman (+ Honigwachs, Allderman, Omar per other sources); SA national finals at UCT March 2026 from 109 ",Business Tech Africa — SA learners win NASA space design competition,Business Tech Africa,https://www.businesstechafrica.co.za/technology/2026/08/08/seven-south-african-high-school-learners-won-the-international-space-settlement-design-competition/,2026-08-08,News article,Secondary,Unknown,2026-08-26,"Team ZA members incl. Ethan Schoombee, Alaya Kaplen, Dean Weich, Zayaan Abdurahman (+ Honigwachs, Allderman, Omar per other sources); SA national finals at UCT March 2026 from 109 learners / 9 schools",Moderate
EV0121,Unknown,E088,"GirlCodeHack 2018 (5th annual, 3-5 Aug 2018): 1st 'Lightbulbs' (Johannesburg; trip to Women in Tech Conference Amsterdam, Cisco); 2nd 'Scatterlings of Africa' (Cape Town; Amazon Ec",#GirlCodeHack: The largest female hackathon,Geeky Reality,https://www.geekyreality.com/blog/girlcodehack-the-largest-female-hackathon,2018-08-23,Sector blog,Secondary,Unknown,2026-08-26,"GirlCodeHack 2018 (5th annual, 3-5 Aug 2018): 1st 'Lightbulbs' (Johannesburg; trip to Women in Tech Conference Amsterdam, Cisco); 2nd 'Scatterlings of Africa' (Cape Town; Amazon Echo); 3rd Durban team ('Self-Educate' app); R350k prize pool (BoxFusion, AWS, Cisco, LGIT Smart Solutions)",Strong
EV0122,Unknown,E088,"Participation detail: 24h hackathon, four judging panels, top nine re-pitched; DVT team Greenly reached top nine",GirlCode Hackathon 2018 report back,DVT,https://www.dvtsoftware.com/news-insights/insights/item/324-girlcode-hackathon-2018-report-back,2018-11-29,Corporate blog,Participant-generated,Unknown,2026-08-26,"Participation detail: 24h hackathon, four judging panels, top nine re-pitched; DVT team Greenly reached top nine",Moderate
EV0123,P0258 ; P0259 ; P0260 ; P0261,E090,"2022 GradHack winner: UJ? no — UCT IS Honours team (Athir Fayker, Furqaan Ajmoodien, Goosain Allie, Kyle Poggenpoel), solution D-Tex (IoT/emerging tech for Discovery insurance divi",IS team wins 2022 Discovery GradHack,UCT School of IT,https://sit.uct.ac.za/articles/2021-06-17-team-wins-2022-discovery-gradhack,2022-08-18,University news,Primary,Unknown,2026-08-26,"2022 GradHack winner: UJ? no — UCT IS Honours team (Athir Fayker, Furqaan Ajmoodien, Goosain Allie, Kyle Poggenpoel), solution D-Tex (IoT/emerging tech for Discovery insurance division)",Strong
EV0124,P0262 ; P0263 ; P0264,E091,"2023 virtual Gradhack from 21 Apr 2023, 15 teams, 72h; winner Hackstreet Boys (James Clark, Max Coleman, Jack Scott-King, UCT 4th-year IS; Self-Sovereign Identity KYC); top three a",The Hackstreet Boys win the 2023 Discovery Gradhack,UCT School of IT,https://sit.uct.ac.za/articles/2023-06-13-hackstreet-boys-win-2023-discovery-gradhack,2023-06-13,University news,Primary,Unknown,2026-08-26,"2023 virtual Gradhack from 21 Apr 2023, 15 teams, 72h; winner Hackstreet Boys (James Clark, Max Coleman, Jack Scott-King, UCT 4th-year IS; Self-Sovereign Identity KYC); top three all Cape Town: BroCode (UCT), QWERTY (Stellenbosch)",Strong
EV0125,P0265,E089 ; E095,'Gradhack Winning Team Discovery Ltd. Jul 2019' and '3rd Place Winners of FinChatBot Hackathon FinChatBot Nov 2019' — self-reported; the FinChatBot 3rd-place claim is corroborated ,Thabang Mabula — LinkedIn profile (Honors & Awards),LinkedIn (self-reported),https://www.linkedin.com/in/thabang-mabula/,2026 (profile),Public profile,Participant-generated,Unknown,2026-08-26,'Gradhack Winning Team Discovery Ltd. Jul 2019' and '3rd Place Winners of FinChatBot Hackathon FinChatBot Nov 2019' — self-reported; the FinChatBot 3rd-place claim is corroborated by S98 (The Edge took third place),Weak-Moderate
EV0126,P0269 ; P0270,E086,ITWeb Security Summit 2026 Hackathon: 1st Team Doria R20k; 2nd Juveni Q R10k (AI cyber immune system); 3rd Siyabona R5k (mobile anti-phishing); CTF Blue Teaming: Lesoko Monyepao (U,Team Doria wins #SSHACK26,ITWeb,https://www.itweb.co.za/article/team-doria-wins-sshack26/4r1ly7R95KPvpmda,2026-06-05,News article,Secondary,Unknown,2026-08-26,"ITWeb Security Summit 2026 Hackathon: 1st Team Doria R20k; 2nd Juveni Q R10k (AI cyber immune system); 3rd Siyabona R5k (mobile anti-phishing); CTF Blue Teaming: Lesoko Monyepao (UNISA Business Informatics); CTF Red Teaming: Katlego Tsebe (UNISA BSc Informatics); Subverted Academy licences; partners incl. Geekulcha, Snode",Strong
EV0127,P0267 ; P0268,E084 ; E085,"SS24Hack: 500+ registrations, 57 participants/14 teams; 1st Art-VeriAI (4 SPU data science students; R20k by Snode; anti-deepfake API); 2nd Team Sudo SPU; Sudo SPU also won CTF ($2",NCape developers shine at Security Summit 2024 Hackathon,ITWeb,https://www.itweb.co.za/article/ncape-developers-shine-at-security-summit-2024-hackathon/VgZey7JlkeyqdjX9,2024-06-07,News article,Secondary,Unknown,2026-08-26,"SS24Hack: 500+ registrations, 57 participants/14 teams; 1st Art-VeriAI (4 SPU data science students; R20k by Snode; anti-deepfake API); 2nd Team Sudo SPU; Sudo SPU also won CTF ($250 + Snode internships); 'Ethical Exploiters' won first place in CTF (Telspace internships + R40k laptop); Future Hackers Award: Alex Dodd and Jivesh Ramnath",Strong
EV0128,P0266,E083,"#SS22Hack (Sandton Convention Centre): overall winner 'Hacker Agents' — students from Sol Plaatje University, Kimberley (R20k; digital signatures for DoH vaccination SMSes; Snode i",Young geeks rise to defend SA from ID fraud,ITWeb,https://www.itweb.co.za/article/young-geeks-rise-to-defend-sa-from-id-fraud/WnpNgq21GZYMVrGd,2022-06-08,News article,Secondary,Unknown,2026-08-26,"#SS22Hack (Sandton Convention Centre): overall winner 'Hacker Agents' — students from Sol Plaatje University, Kimberley (R20k; digital signatures for DoH vaccination SMSes; Snode internships); 2nd SecureIT (two UJ students; R10k; Best Female Hackers); 3rd Cyber Smart Team (Mpumalanga; R5k); CTF winner Jabu Mahlangu (Mpumalanga; Telspace internship); Tiyani Nghonyama chairperson",Strong
EV0129,Unknown,E084,#SS23Hack at Sandton Convention Centre 6-7 June 2023; '2023 Geekulcha/ITWeb Security Summit Hackathon'; sponsors Snode and Startup Business Campus; 1st prize R20k + 12-month Snode ,Hackathon — ITWeb Security Summit 2023 (event page),ITWeb,https://www.itweb.co.za/event/itweb-security-summit-2023/hackathon/index.html,2023,Organiser event page,Primary,Unknown,2026-08-26,"#SS23Hack at Sandton Convention Centre 6-7 June 2023; '2023 Geekulcha/ITWeb Security Summit Hackathon'; sponsors Snode and Startup Business Campus; 1st prize R20k + 12-month Snode internship; judges listed (Naidoo, Nasiorowska, Ntombela, Regasek) — winners' names not on page snapshot",Moderate
EV0130,Unknown,E087,"Northern Cape edition of ITWeb SS Hackathon (#SS25HACK) hosted by NC Dept of Economic Development & Tourism, Sol Plaatje University, Geekulcha, CompTIA, Telspace Africa, Snode; up ",Security hackathon heads to Kimberley,ITWeb,https://www.itweb.co.za/article/security-hackathon-heads-to-kimberley/mQwkoM6Y6aE73r9A,2025-05-30,News article,Secondary,Unknown,2026-08-26,"Northern Cape edition of ITWeb SS Hackathon (#SS25HACK) hosted by NC Dept of Economic Development & Tourism, Sol Plaatje University, Geekulcha, CompTIA, Telspace Africa, Snode; up to 50 participants in 15 teams; AI-for-cyber-resilience theme",Moderate
EV0131,P0272 ; P0273 ; P0274 ; P0275 ; P0276 ; P0277 ; P0278 ; P0279,E092,"PAICTA + UJ Technopreneurship Centre virtual hackathon (agri challenge, 13 groups): winner Young Innovators Tech; specials: Charity Ruvurashe Chichichi (best female hacker), Tinash",Virtual Hackathon Challenge winners announced,Ventureburn,https://ventureburn.com/2020/12/virtual-hackathon-challenge-winners-announced/,2020-11-30,Tech media,Secondary,Unknown,2026-08-26,"PAICTA + UJ Technopreneurship Centre virtual hackathon (agri challenge, 13 groups): winner Young Innovators Tech; specials: Charity Ruvurashe Chichichi (best female hacker), Tinashe Makamure (Rising Star), Yoosuf Haffejee (GeekHack Star); sponsors Software AG, Siyafunda CTC, Mecer, Huawei, Deviare; CISCO training for all",Strong
EV0132,Unknown,E093,Mpumalanga Artificial Intelligence Student Hackathon (Maish) launched by University of Mpumalanga + TUT; theme 'Utilising digital solutions to solve Africa's problems'; 2023 editio,MPUMALANGA AI HACKATHON: UNIS JOIN FOR STUDENT EVENT,Visive.ai,https://www.visive.ai/news/mpumalanga-ai-hackathon-unis-join-for-student-event,Unknown,News article,Secondary,Unknown,2026-08-26,"Mpumalanga Artificial Intelligence Student Hackathon (Maish) launched by University of Mpumalanga + TUT; theme 'Utilising digital solutions to solve Africa's problems'; 2023 edition executed successfully (per Prof Ndiko Ludidi, UMP dean); winners not stated",Moderate
EV0133,P0271,E094,"Telkom 10x Hackathon at TUT eMalahleni Campus (with Nkangala TVET College, Amdocs, Geekulcha; students + high-school learners): winner Technobytes (TUT) — 'Gig Kasi' marketplace ap",TUT and Telkom drive innovation with 36-hour Hackathon to empower youth,Tshwane University of Technology,https://www.tut.ac.za/latest-news/819-tut-and-telkom-drive-innovation-with-36-hour-hackathon-to-empower-youth,2025-10-02,University news,Primary,Unknown,2026-08-26,"Telkom 10x Hackathon at TUT eMalahleni Campus (with Nkangala TVET College, Amdocs, Geekulcha; students + high-school learners): winner Technobytes (TUT) — 'Gig Kasi' marketplace app, R20k + national entry (Best Newcomer / Best Hackathon Solution categories); team member Matsobane Sethosa (final-year CS); runner-up R15k",Strong
EV0134,Unknown,Unknown,"Confirms FS leg date 7 Sep 2025 at Botshabelo Digital Hub; Chetter (2nd-year IT) & Makhetha (4th-year Advanced Diploma Studio Art), R15k; advanced to national finals Johannesburg; ",CUT Students' Life-Saving Fire Alert System Takes 1st Place at Telkom 10X Hackathon,Central University of Technology,https://www.cut.ac.za/news/cut-students-life-saving-fire-alert-system-takes-first-place-at-telkom-hackathon,2025-10-17,University news,Primary,Unknown,2026-08-26,"Confirms FS leg date 7 Sep 2025 at Botshabelo Digital Hub; Chetter (2nd-year IT) & Makhetha (4th-year Advanced Diploma Studio Art), R15k; advanced to national finals Johannesburg; also 3rd at Geekulcha Annual Hackathon",Strong
EV0135,P0265 ; P0280 ; P0281 ; P0282 ; P0283 ; P0284,E095,"FinChatBot's first hackathon, at IBM Johannesburg; 11 teams; R10k + Budget Insurance implementation. Winner 'Aurora': Ramashita Ramutloa (EY RPA), Joanne Moonsamy (Nedbank DSI), Mo",FinChatBot — first hackathon at IBM Johannesburg,Skills Summit (article syndication),http://www.skillssummit.co.za/index.php/article/finchatbot-30163.html,2020-01-21,Sector publication,Secondary,Unknown,2026-08-26,"FinChatBot's first hackathon, at IBM Johannesburg; 11 teams; R10k + Budget Insurance implementation. Winner 'Aurora': Ramashita Ramutloa (EY RPA), Joanne Moonsamy (Nedbank DSI), Moses Shaba Jnr (Nedbank DSI), Rob Fairon (EDSA intern), Ebrahim Noormahomed (EDSA student); 2nd Midnight Stack Overflow; 3rd The Edge; Qubit Mafia also recognised",Strong
EV0136,Unknown,Unknown,"TVH 2022 (4th annual): hosted by TUT Faculty of ICT with AWS, City of Tshwane, AB4IR; 110 hackers; health/unemployment/service-delivery challenges",Krilona Pillay LinkedIn post — 4th Annual Tshwane Varsity Hackathon,LinkedIn (public post),https://www.linkedin.com/posts/krilona-pillay-4135016_aws-e2w-southafrica-activity-6992040915729018880-A0os,2022-10-29,Organiser-adjacent social post,Participant-generated,Unknown,2026-08-26,"TVH 2022 (4th annual): hosted by TUT Faculty of ICT with AWS, City of Tshwane, AB4IR; 110 hackers; health/unemployment/service-delivery challenges",Moderate
